[1,0,0,[["cc.JsonAsset",["_name","json"],1]],[[0,0,1,3]],[[0,"8BitGameBoy",{"name":"8BitGameBoy","category":"8BitGameBoy","version":"1.0","author":"SuperSuRaccoon","info":"8BitGameBoy.","description":"8BitGameBoy.","refs":[],"tags":["SIZE_RELATED"],"input":[{"type":"vec2","name":"uv","info":"uv"},{"type":"sampler2D","name":"tex","info":"vec3 to split"}],"output":[{"type":"vec4","name":"rgba","info":"rgba"}],"uniforms":{"intensity":{"type":"float","min":0,"max":5,"default":1}},"frags":{"compare":[" float compare(vec3 a, vec3 b) {      \n","     vec3 diff = (a - b);             \n","     return dot(diff, diff);          \n"," }                                    \n"]},"main":["vec4 main(vec2 uv, sampler2D tex) {","    float dx = intensity * u_normalizred_resolution.x;","    float dy = intensity * u_normalizred_resolution.y;","    vec2 c = vec2(dx * floor(uv.x / dx), dy * floor(uv.y / dy));","    vec4 src4 = texture2D(tex, c);","    vec3 src = src4.rgb;","    float alpha = src4.a;","    if (alpha < 0.95) alpha = 0.0;","    vec3 dst0 = vec3(0.0);","    vec3 dst1 = vec3(0.0);","    float best0 = 1e3;","    float best1 = 1e3;","    #define TCOLOR(R, G, B) { const vec3 tst = vec3(R, G, B); float err = compare(src, tst); if (err < best0) { best1 = best0; dst1 = dst0; best0 = err; dst0 = tst; } }","        TCOLOR(0.68, 0.79, 0.27);","        TCOLOR(0.47, 0.69, 0.42);","        TCOLOR(0.13, 0.43, 0.37);","        TCOLOR(0.03, 0.16, 0.33);","    #undef TCOLOR","    best0 = sqrt(best0);","    best1 = sqrt(best1);","    vec3 color = vec3(mod(c.x + c.y, 2.0) > (1.0 + best1 / (best0 + best1)) ? dst1 : dst0);","    return vec4(color, src4.a);","}"]}]],0,0,[],[],[]]