[1,0,0,[["cc.JsonAsset",["_name","json"],1]],[[0,0,1,3]],[[0,"CrossSample",{"name":"CrossSample","panels":[{"name":"Output","x":"380.000","y":"-51.000","id":1,"inputSlot":[],"outputSlot":[],"uniforms":{}},{"name":"MainTexture","x":"-473.000","y":"-4.000","id":2,"inputSlot":[],"outputSlot":[],"uniforms":{"texture":{"filterMode":"Linear","wrapMode":"Clamp","packMode":"Unpack"}}},{"name":"UV0","x":"-483.000","y":"166.000","id":4,"inputSlot":[],"outputSlot":[{"index":1,"connections":[[26,0]]},{"index":2,"connections":[[26,1]]}],"uniforms":{}},{"name":"Cross","x":"-141.000","y":"98.000","id":18,"inputSlot":[],"outputSlot":[{"index":0,"connections":[[24,0]]}],"uniforms":{}},{"name":"Vec3","x":"-308.000","y":"19.000","id":21,"inputSlot":[],"outputSlot":[{"index":0,"connections":[[18,1]]}],"uniforms":{"u_x_21":"1.000","u_y_21":"0.000","u_z_21":"1.010"}},{"name":"Split3","x":"-17.000","y":"188.000","id":24,"inputSlot":[],"outputSlot":[{"index":1,"connections":[[29,0]]},{"index":2,"connections":[[29,1]]},{"index":3,"connections":[[29,2]]}],"uniforms":{}},{"name":"3To3","x":"-291.000","y":"170.000","id":26,"inputSlot":[],"outputSlot":[{"index":0,"connections":[[18,0]]}],"uniforms":{}},{"name":"Float","x":"-444.000","y":"31.000","id":27,"inputSlot":[],"outputSlot":[{"index":0,"connections":[[26,2]]}],"uniforms":{"u_float_27":"1.010"}},{"name":"4To4","x":"182.000","y":"157.000","id":29,"inputSlot":[],"outputSlot":[{"index":0,"connections":[[1,0]]}],"uniforms":{}},{"name":"Float","x":"35.000","y":"0.000","id":30,"inputSlot":[],"outputSlot":[{"index":0,"connections":[[29,3]]}],"uniforms":{"u_float_30":"1"}}],"groups":{}}]],0,0,[],[],[]]