[1,0,0,[["cc.JsonAsset",["_name","json"],1]],[[0,0,1,3]],[[0,"Complement4",{"name":"Complement4","name_zh":"补数","version":"1.0","description":{"en":"Returns one's complement (1 − input). Also known as reverse video.","zh":"对输入值进行取补数操作 (1 - 输入值)。"},"tags":["Core","Math"],"input":[{"type":"vec4","name":"Input","info":{"en":"Input value","zh":"输入值"}}],"output":[{"type":"vec4","name":"Output"}],"uniforms":{},"frags":{},"main":["vec4 main(vec4 Input) {","    return (1.0 - Input);","}"]}]],0,0,[],[],[]]