[1,0,0,[["cc.JsonAsset",["_name","json"],1]],[[0,0,1,3]],[[0,"Clamp1",{"name":"Clamp1","name_zh":"限制","version":"1.0","description":{"en":"Returns the input value clamped between Min and Max.","zh":"对输入值进行 [Min, Max] 区间的限制操作。"},"tags":["Core","Math","Range"],"input":[{"type":"float","name":"Input","info":{"en":"Input value","zh":"输入值"}},{"type":"float","name":"Min","info":{"en":"Minimum value","zh":"最小值"}},{"type":"float","name":"Max","info":{"en":"Maximum value","zh":"最大值"}}],"output":[{"type":"float","name":"Output"}],"uniforms":{},"frags":{},"main":["float main(float Input, float Min, float Max) {","    return clamp(Input, Min, Max);","}"]}]],0,0,[],[],[]]