[1,0,0,[["cc.JsonAsset",["_name","json"],1]],[[0,0,1,3]],[[0,"SineSample",{"name":"SineSample","panels":[{"name":"Output","x":"343.000","y":"41.000","id":1,"inputSlot":[],"outputSlot":[],"uniforms":{}},{"name":"MainTexture","x":"-590.000","y":"-306.000","id":2,"inputSlot":[],"outputSlot":[],"uniforms":{"texture":{"filterMode":"Linear","wrapMode":"Clamp","packMode":"Unpack"}}},{"name":"UV0","x":"-479.000","y":"163.000","id":25,"inputSlot":[],"outputSlot":[{"index":1,"connections":[[42,0]]}],"uniforms":{}},{"name":"DebugPlot","x":"91.000","y":"122.000","id":37,"inputSlot":[],"outputSlot":[{"index":0,"connections":[[1,0]]}],"uniforms":{"u_lineWidth_37":"0.02","u_lineColor_37":"00ff00ff"}},{"name":"Sine1","x":"-133.000","y":"108.000","id":42,"inputSlot":[],"outputSlot":[{"index":0,"connections":[[37,0]]}],"uniforms":{"amplitude_42":"0.771","frequency_42":"12.111","phase_x_42":"0","phase_y_42":"0.500"}},{"name":"Float","x":"-466.000","y":"-1.000","id":44,"inputSlot":[],"outputSlot":[],"uniforms":{"u_float_44":"8.240"}}],"groups":{}}]],0,0,[],[],[]]