[1,0,0,[["cc.JsonAsset",["_name","json"],1]],[[0,0,1,3]],[[0,"ImagePosterizeSample",{"name":"ImagePosterizeSample","panels":[{"name":"Output","x":"343.000","y":"41.000","id":1,"inputSlot":[],"outputSlot":[],"uniforms":{}},{"name":"MainTexture","x":"-425.714","y":"90.857","id":2,"inputSlot":[],"outputSlot":[{"index":0,"connections":[[46,1]]}],"uniforms":{"texture":{"filterMode":"Linear","wrapMode":"Clamp","packMode":"Unpack"}}},{"name":"ImagePosterize4","x":"49.000","y":"56.000","id":45,"inputSlot":[],"outputSlot":[{"index":0,"connections":[[1,0]]}],"uniforms":{}},{"name":"TextureToRGBA","x":"-172.000","y":"153.000","id":46,"inputSlot":[],"outputSlot":[{"index":0,"connections":[[45,0]]}],"uniforms":{}},{"name":"Vec4","x":"-190.000","y":"-64.000","id":47,"inputSlot":[],"outputSlot":[{"index":0,"connections":[[45,1]]}],"uniforms":{"u_x_47":"2.000","u_y_47":"2.000","u_z_47":"2.000","u_w_47":"1.000"}}],"groups":{}}]],0,0,[],[],[]]