[1,0,0,[["cc.JsonAsset",["_name","json"],1]],[[0,0,1,3]],[[0,"ImageSaturationSample",{"name":"ImageSaturationSample","panels":[{"name":"Output","x":"300.000","y":"0.000","id":1,"inputSlot":[],"outputSlot":[],"uniforms":{}},{"name":"MainTexture","x":"-423.000","y":"77.000","id":2,"inputSlot":[],"outputSlot":[{"index":0,"connections":[[4,1]]}],"uniforms":{"texture":{"filterMode":"Linear","wrapMode":"Clamp","packMode":"Unpack"}}},{"name":"ImageSaturation","x":"11.000","y":"0.000","id":3,"inputSlot":[],"outputSlot":[{"index":0,"connections":[[1,0]]}],"uniforms":{}},{"name":"TextureToRGBA","x":"-231.000","y":"137.000","id":4,"inputSlot":[],"outputSlot":[{"index":0,"connections":[[3,0]]}],"uniforms":{}},{"name":"Float","x":"-193.000","y":"-58.000","id":5,"inputSlot":[],"outputSlot":[{"index":0,"connections":[[3,1]]}],"uniforms":{"u_float_5":"0.450"}}],"groups":{}}]],0,0,[],[],[]]