[1,0,0,[["cc.JsonAsset",["_name","json"],1]],[[0,0,1,3]],[[0,"UVTwirlSample",{"name":"UVTwirlSample","panels":[{"name":"Output","x":"317.000","y":"-55.000","id":1,"inputSlot":[],"outputSlot":[],"uniforms":{}},{"name":"MainTexture","x":"-419.000","y":"57.000","id":2,"inputSlot":[],"outputSlot":[{"index":0,"connections":[[3,1]]}],"uniforms":{"texture":{"filterMode":"Linear","wrapMode":"Clamp","packMode":"Unpack"}}},{"name":"TextureToRGBA","x":"-41.000","y":"-105.000","id":3,"inputSlot":[],"outputSlot":[{"index":0,"connections":[[1,0]]}],"uniforms":{}},{"name":"UV0","x":"-436.000","y":"170.000","id":4,"inputSlot":[],"outputSlot":[{"index":0,"connections":[[17,0]]}],"uniforms":{}},{"name":"Vec2","x":"-225.000","y":"77.000","id":7,"inputSlot":[],"outputSlot":[{"index":0,"connections":[[17,1]]}],"uniforms":{"u_x_7":"0.500","u_y_7":"0.500"}},{"name":"UVTwirl","x":"20.000","y":"131.000","id":17,"inputSlot":[],"outputSlot":[{"index":0,"connections":[[3,0]]}],"uniforms":{}},{"name":"Float","x":"-222.000","y":"33.000","id":18,"inputSlot":[],"outputSlot":[{"index":0,"connections":[[17,2]]}],"uniforms":{"u_float_18":"13.090"}},{"name":"Vec2","x":"-213.000","y":"-11.000","id":19,"inputSlot":[],"outputSlot":[{"index":0,"connections":[[17,3]]}],"uniforms":{"u_x_19":"0.000","u_y_19":"0.000"}}],"groups":{}}]],0,0,[],[],[]]