[1,0,0,[["cc.JsonAsset",["_name","json"],1]],[[0,0,1,3]],[[0,"DisplacementRGBA",{"name":"DisplacementRGBA","category":"DisplacementRGBA","version":"1.0","author":"SuperSuRaccoon","info":"DisplacementRGBA.","description":"DisplacementRGBA.","refs":[],"tags":["Core"],"input":[{"type":"vec2","name":"uv","info":"uv"},{"type":"vec4","name":"rgba","info":"rgba"}],"output":[{"type":"vec2","name":"uv","info":"uv"}],"uniforms":{"offset_x":{"type":"float","min":0,"max":1,"default":0.5},"offset_y":{"type":"float","min":0,"max":1,"default":0.5},"ratio":{"type":"float","min":0,"max":1,"default":0.5}},"frags":{},"main":["vec2 main(vec2 uv, vec4 rgba) {","    return mix(uv, uv + vec2(rgba.r * offset_x, rgba.g * offset_y), ratio);","}"]}]],0,0,[],[],[]]