[1,0,0,[["cc.JsonAsset",["_name","json"],1]],[[0,0,1,3]],[[0,"Projection3",{"name":"Projection3","name_zh":"投影","version":"1.0","description":{"en":"Returns the result of projecting the input value A onto a straight line parallel to the input value B.","zh":"返回输入值A在输入值B方向上的投影。"},"tags":["Core","Math","Vector"],"input":[{"type":"vec3","name":"InputA","info":{"en":"First input value","zh":"第一个输入值"}},{"type":"vec3","name":"InputB","info":{"en":"Second input value","zh":"第二个输入值"}}],"output":[{"type":"vec3","name":"Output"}],"uniforms":{},"frags":{},"main":["vec3 main(vec3 InputA, vec3 InputB) {","    return InputB * dot(InputA, InputB) / dot(InputB, InputB);","}"]}]],0,0,[],[],[]]