[1,0,0,[["cc.JsonAsset",["_name","json"],1]],[[0,0,1,3]],[[0,"Div1",{"name":"Div1","name_zh":"相除","version":"1.0","description":{"en":"Returns the quotient of the two input values.","zh":"对两个输入值进行相除的操作。"},"tags":["Core","Math"],"input":[{"type":"float","name":"InputA","info":{"en":"First input value","zh":"第一个输入值"}},{"type":"float","name":"InputB","info":{"en":"Second input value","zh":"第二个输入值"}}],"output":[{"type":"float","name":"Output"}],"uniforms":{},"frags":{},"main":["float main(float InputA, float InputB) {","    return (InputA / InputB);","}"]}]],0,0,[],[],[]]