[1,0,0,[["cc.JsonAsset",["_name","json"],1]],[[0,0,1,3]],[[0,"Floor4",{"name":"Floor4","name_zh":"向下取整","version":"1.0","description":{"en":"Returns the smallest number that is smaller or equal to input value.","zh":"对输入值进行向下取整操作。"},"tags":["Core","Math","Round"],"input":[{"type":"vec4","name":"Input","info":{"en":"Input value","zh":"输入值"}}],"output":[{"type":"vec4","name":"Output"}],"uniforms":{},"frags":{},"main":["vec4 main(vec4 Input) {","    return floor(Input);","}"]}]],0,0,[],[],[]]