[1,0,0,[["cc.JsonAsset",["_name","json"],1]],[[0,0,1,3]],[[0,"Max1",{"name":"Max1","name_zh":"取最大值","version":"1.0","description":{"en":"Return the maximum of the two input values.","zh":"返回两个输入值中较大的数。"},"tags":["Core","Math","Range"],"input":[{"type":"float","name":"InputA","info":{"en":"First input value","zh":"输第一个入值"}},{"type":"float","name":"InputB","info":{"en":"Second input value","zh":"第二个输入值"}}],"output":[{"type":"float","name":"Output"}],"uniforms":{},"frags":{},"main":["float main(float InputA, float InputB) {","    return max(InputA, InputB);","}"]}]],0,0,[],[],[]]