[1,0,0,[["cc.JsonAsset",["_name","json"],1]],[[0,0,1,3]],[[0,"Clamp2",{"name":"Clamp2","name_zh":"限制","version":"1.0","description":{"en":"Returns the input value clamped between Min and Max.","zh":"对输入值进行 [Min, Max] 区间的限制操作。"},"tags":["Core","Math","Range"],"input":[{"type":"vec2","name":"Input","info":{"en":"Input value","zh":"输入值"}},{"type":"vec2","name":"Min","info":{"en":"Minimum value","zh":"最小值"}},{"type":"vec2","name":"Max","info":{"en":"Maximum value","zh":"最大值"}}],"output":[{"type":"vec2","name":"Output"}],"uniforms":{},"frags":{},"main":["vec2 main(vec2 Input, vec2 Min, vec2 Max) {","    return clamp(Input, Min, Max);","}"]}]],0,0,[],[],[]]