[1,0,0,[["cc.JsonAsset",["_name","json"],1]],[[0,0,1,3]],[[0,"RandomRangeSample",{"name":"RandomRangeSample","panels":[{"name":"Output","x":"393.000","y":"20.000","id":1,"inputSlot":[],"outputSlot":[],"uniforms":{}},{"name":"MainTexture","x":"-397.000","y":"10.000","id":2,"inputSlot":[],"outputSlot":[],"uniforms":{"texture":{"filterMode":"Linear","wrapMode":"Clamp","packMode":"Unpack"}}},{"name":"UV0","x":"-401.000","y":"151.000","id":4,"inputSlot":[],"outputSlot":[{"index":0,"connections":[[6,0]]}],"uniforms":{}},{"name":"RandomRange","x":"-84.000","y":"80.000","id":6,"inputSlot":[],"outputSlot":[{"index":0,"connections":[[7,0]]}],"uniforms":{}},{"name":"1To4","x":"123.000","y":"36.000","id":7,"inputSlot":[],"outputSlot":[{"index":0,"connections":[[1,0]]}],"uniforms":{}},{"name":"Float","x":"-236.000","y":"-34.000","id":8,"inputSlot":[],"outputSlot":[{"index":0,"connections":[[6,2]]}],"uniforms":{"u_float_8":"0.930"}},{"name":"Float","x":"-238.000","y":"26.000","id":9,"inputSlot":[],"outputSlot":[{"index":0,"connections":[[6,1]]}],"uniforms":{"u_float_9":"0.110"}}],"groups":{}}]],0,0,[],[],[]]