[1,0,0,[["cc.JsonAsset",["_name","json"],1]],[[0,0,1,3]],[[0,"ChannelMixerSample",{"name":"ChannelMixerSample","panels":[{"name":"Output","x":"300.000","y":"0.000","id":1,"inputSlot":[],"outputSlot":[],"uniforms":{}},{"name":"MainTexture","x":"-408.000","y":"93.000","id":2,"inputSlot":[],"outputSlot":[{"index":0,"connections":[[4,1]]}],"uniforms":{"texture":{"filterMode":"Linear","wrapMode":"Clamp","packMode":"Unpack"}}},{"name":"ChannelMixer","x":"16.000","y":"173.000","id":3,"inputSlot":[],"outputSlot":[{"index":0,"connections":[[1,0]]}],"uniforms":{"u_rInR_3":"0.292","u_gInR_3":"0.589","u_bInR_3":"0.185","u_rInG_3":"0","u_gInG_3":"1","u_bInG_3":"0.137","u_rInB_3":"1","u_gInB_3":"0.173","u_bInB_3":"0.22"}},{"name":"TextureToRGBA","x":"-231.000","y":"165.000","id":4,"inputSlot":[],"outputSlot":[{"index":0,"connections":[[3,0]]}],"uniforms":{}}],"groups":{}}]],0,0,[],[],[]]