[1,0,0,[["cc.JsonAsset",["_name","json"],1]],[[0,0,1,3]],[[0,"ChannelMask",{"name":"ChannelMask","name_zh":"通道遮罩","version":"1.0","description":{"en":"Masks (set to 0) the individual channels of input value.","zh":"对输入值的每个进行遮罩处理(设置为0)处理。"},"tags":["Core","Channel"],"input":[{"type":"vec4","name":"Color","info":{"en":"Input value","zh":"输入值"}}],"output":[{"type":"vec4","name":"Color"},{"type":"vec3","name":"rgb","property":"rgb"},{"type":"float","name":"r","property":"r"},{"type":"float","name":"g","property":"g"},{"type":"float","name":"b","property":"b"},{"type":"float","name":"a","property":"a"}],"uniforms":{"u_maskR":{"type":"bool","default":true,"info":{"en":"If true R channel will be masked","zh":"是否需要对 R 通道进行遮罩处理"}},"u_maskG":{"type":"bool","default":true,"info":{"en":"If true G channel will be masked","zh":"是否需要对 G 通道进行遮罩处理"}},"u_maskB":{"type":"bool","default":true,"info":{"en":"If true B channel will be masked","zh":"是否需要对 B 通道进行遮罩处理"}},"u_maskA":{"type":"bool","default":false,"info":{"en":"If true A channel will be masked","zh":"是否需要对 A 通道进行遮罩处理"}}},"frags":{},"main":["vec4 main(vec4 Color) {","    return Color * vec4(u_maskR, u_maskG, u_maskB, u_maskA);","}"]}]],0,0,[],[],[]]