[1,["ecpdLyjvZBwrvm+cedCcQy","f2QduAQxBCvblXfh2ujJ0t","e97GVMl6JHh5Ml5qEDdSGa","f0BIwQ8D5Ml7nTNQbh1YlS","29FYIk+N1GYaeWH/q1NxQO","9bvaMerUlDyary99mJa6xp","a2MjXRFdtLlYQ5ouAFv/+R","f61Lbm4fNFI7VOd99UPn0c","5f2ntA579HXqXGm5yK33Pf","32UBCtu3ZFubbJv1MyIgJD","81bwKQxDZEr724MATcNbmu"],["node","_spriteFrame","_N$target","_N$normalSprite","_N$pressedSprite","_N$hoverSprite","_N$disabledSprite","root","tags","capture","createDate","projectName","data","tagPrefab","_textureSetter"],[["cc.Widget",["_alignFlags","_left","alignMode","_top","_horizontalCenter","_right","_bottom","_originalWidth","node"],-5,1],["cc.Node",["_name","_components","_prefab","_contentSize","_trs","_parent","_children","_color","_anchorPoint"],2,9,4,5,7,1,2,5,5],["cc.Sprite",["_sizeMode","_isTrimmedMode","_type","node","_materials","_spriteFrame"],0,1,3,6],["cc.Node",["_name","_parent","_components","_prefab","_contentSize","_trs","_anchorPoint"],2,1,12,4,5,7,5],["cc.PrefabInfo",["fileId","root"],2,1],["cc.Layout",["_resize","_N$layoutType","_N$spacingX","_N$spacingY","_N$horizontalDirection","_N$affectedByScale","node","_layoutSize"],-3,1,5],["cc.Label",["_string","_fontSize","_lineHeight","_enableWrapText","_isSystemFontUsed","_N$verticalAlign","_N$overflow","node","_materials"],-4,1,3],"cc.SpriteFrame",["cc.Prefab",["_name"],2],["aa305RofCtKmJgsD3un3KoS",["node","projectName","createDate","capture","tags","tagPrefab"],3,1,1,1,1,1,6],["cc.LabelOutline",["_width","node"],2,1],["cc.Button",["zoomScale","_N$transition","node","clickEvents","_N$normalColor","_N$pressedColor","_N$disabledColor","_N$target","_N$normalSprite","_N$pressedSprite","_N$hoverSprite","_N$disabledSprite"],1,1,9,5,5,5,1,6,6,6,6],["cc.ClickEvent",["_componentId","handler","target"],1,1]],[[4,0,1,2],[1,0,5,6,1,2,3,4,2],[1,0,5,1,2,3,4,2],[3,0,1,2,3,4,6,5,2],[10,0,1,2],[2,0,1,3,4,5,3],[11,0,1,2,3,4,5,6,7,8,9,10,11,3],[12,0,1,2,3],[8,0,2],[1,0,6,1,2,7,3,4,2],[1,0,5,1,2,3,8,4,2],[1,0,5,1,2,7,3,4,2],[3,0,1,2,3,4,5,2],[9,0,1,2,3,4,5,1],[4,1,1],[5,0,1,2,3,6,7,5],[5,0,1,2,3,4,5,6,7,7],[0,2,0,5,6,8,5],[0,0,1,3,4,8,5],[0,2,0,1,3,6,4,8,7],[0,2,0,1,3,8,5],[0,0,4,8,3],[0,0,1,5,7,8,5],[2,0,3,4,5,2],[2,2,0,3,4,5,3],[2,0,3,4,2],[6,0,1,2,3,4,5,6,7,8,8],[6,0,1,2,3,4,5,7,8,7]],[[[[8,"ShaderFXGalleryPrefab"],[9,"ShaderFXGalleryPrefab",[-7,-8,-9,-10,-11,-12,-13],[[13,-6,-5,-4,-3,-2,19]],[14,-1],[4,4279505940],[5,269,250],[-362.4,-130,0,0,0,0,1,0.8,0.8,1]],[1,"Tool",1,[-16,-17],[[15,1,1,6,4,-14,[5,46,24]],[17,2,36,10.5,0.938999999999993,-15]],[0,"6baPX/xShOzL+UaqAqa8jE",1],[5,46,24],[101,-112.061,0,0,0,0,1,1,1,1]],[3,"Name",1,[[-18,[18,9,8,2,-49.08,-19],[4,2,-20]],1,4,4],[0,"beJb6FrylJz5cUHr3yzVTL",1],[5,980,92.2],[0,0,1],[-126.5,123,0,0,0,0,1,0.25,0.25,1]],[3,"Date",1,[[-21,[19,2,12,9.5,229.06900000000002,4.180999999999983,-49.08,-22],[4,2,-23]],1,4,4],[0,"9ef++CaYdAv6M+8w4PkWE3",1],[5,246.82,67],[0,0,1],[-125,-104.06900000000002,0,0,0,0,1,0.25,0.25,1]],[10,"NodeTag",1,[[16,1,1,-6,1,1,true,-24,[5,70,30]],[20,2,9,2.0020000000000095,-25.352000000000018,-25]],[0,"c4+qi03rVFMIQTTpDIwLVB",1],[5,70,30],[0,0,0],[-132.498,126.35200000000003,0,0,0,0,1,0.8,0.8,1]],[12,"Sample",1,[[-26,[21,16,-2.943,-27]],1,4],[0,"b2pdJOXvhIbJiVzcdhlRUu",1],[5,240,170],[-2.943,6.759,0,0,0,0,1,1,1,1]],[2,"Frame",1,[[23,0,-28,[4],5],[22,40,6.849999999999998,12.15000000000002,100,-29]],[0,"6ag6vIn31Om6M8eoy8hbhV",1],[5,250,1],[-2.6500000000000057,-88.529,0,0,0,0,1,1,1,1]],[1,"VideoButton",2,[-32],[[6,1.1,3,-31,[[7,"aa305RofCtKmJgsD3un3KoS","onVideo",1]],[4,4293322470],[4,4291348680],[4,3363338360],-30,9,10,11,12]],[0,"ebawj2slJAgqPX1g4h968/",1],[5,20,20],[-13,0,0,0,0,0,1,1,1,1]],[2,"icon",8,[[5,0,false,-33,[7],8]],[0,"f6q5NzMGBEG6F8VECMUJEm",1],[5,20,20],[0.329,0,0,0,0,0,1,1,1,0]],[1,"ImportButton",2,[-36],[[6,1.1,3,-35,[[7,"aa305RofCtKmJgsD3un3KoS","onDownload",1]],[4,4293322470],[4,4291348680],[4,3363338360],-34,15,16,17,18]],[0,"e6jE4jHEdGRrh+BWLAAzLW",1],[5,20,20],[13,0,0,0,0,0,1,1,1,1]],[2,"icon",10,[[5,0,false,-37,[13],14]],[0,"34lMFxuOVFvJvLzE2TvqQr",1],[5,17,17],[0,0,0,0,0,0,1,1,1,0]],[11,"Bg",1,[[24,1,0,-38,[0],1]],[0,"3cLnUEloVNDKyLTG8w9zSf",1],[4,4278716424],[5,260,250],[-2.65,0,0,0,0,0,1,1,1,1]],[25,0,6,[2]],[26,"2D Normal Light",60,60,false,false,1,2,3,[3]],[27,"2021.11.11",50,50,false,false,1,4,[6]]],0,[0,7,1,0,8,5,0,9,13,0,10,15,0,11,14,0,0,1,0,-1,12,0,-2,6,0,-3,3,0,-4,7,0,-5,4,0,-6,5,0,-7,2,0,0,2,0,0,2,0,-1,8,0,-2,10,0,-1,14,0,0,3,0,0,3,0,-1,15,0,0,4,0,0,4,0,0,5,0,0,5,0,-1,13,0,0,6,0,0,7,0,0,7,0,2,9,0,0,8,0,-1,9,0,0,9,0,2,11,0,0,10,0,-1,11,0,0,11,0,0,12,0,12,1,38],[0,0,0,0,0,0,0,0,0,0,0,0,0,0,0,0,0,0,0,0],[-1,1,-1,-1,-1,1,-1,-1,1,3,4,5,6,-1,1,3,4,5,6,13],[0,5,0,0,0,6,0,0,7,1,2,3,4,0,8,1,2,3,4,9]],[[{"name":"export","rect":[0,0,100,100],"offset":[0,0],"originalSize":[100,100],"capInsets":[0,0,0,0]}],[7],0,[0],[14],[10]]]]