[1,0,0,[["cc.JsonAsset",["_name","json"],1]],[[0,0,1,3]],[[0,"TextureToRGBA",{"name":"TextureToRGBA","name_zh":"纹理采样","version":"1.0","description":{"en":"Samples a Texture 2D and returns a Vector 4 color value.","zh":"对输入纹理进行采样，输出颜色值。"},"tags":["Core"],"input":[{"type":"vec2","name":"UV","info":{"en":"UV value to sample","zh":"用于采样的纹理坐标"}},{"type":"sampler2D","name":"Texture","info":{"en":"Texture to sample","zh":"用于采样的纹理"}}],"output":[{"type":"vec4","name":"Color","info":"rgba"},{"type":"float","name":"r","info":"property r","property":"r"},{"type":"float","name":"g","info":"property g","property":"g"},{"type":"float","name":"b","info":"property b","property":"b"},{"type":"float","name":"a","info":"property a","property":"a"},{"type":"vec3","name":"rgb","info":"property rgb","property":"rgb"}],"uniforms":{},"frags":{},"main":["vec4 main(vec2 UV, sampler2D Texture) {","    return texture2D(Texture, UV);","}"]}]],0,0,[],[],[]]