[1,0,0,[["cc.JsonAsset",["_name","json"],1]],[[0,0,1,3]],[[0,"Arctangent1",{"name":"Arctangent1","name_zh":"反正切","version":"1.0","description":{"en":"Returns the arctangent of input value.","zh":"对输入值取反正切操作。"},"tags":["Core","Math","Trigonometric"],"input":[{"type":"float","name":"Input","info":{"en":"Input value","zh":"输入值"}}],"output":[{"type":"float","name":"Output"}],"uniforms":{},"frags":{},"main":["float main(float Input) {","    return atan(Input);","}"]}]],0,0,[],[],[]]