[1,0,0,[["cc.JsonAsset",["_name","json"],1]],[[0,0,1,3]],[[0,"Projection1",{"name":"Projection1","name_zh":"投影","version":"1.0","description":{"en":"Returns the result of projecting the input value A onto a straight line parallel to the input value B.","zh":"返回输入值A在输入值B方向上的投影。"},"tags":["Core","Math","Vector"],"input":[{"type":"float","name":"InputA","info":{"en":"First input value","zh":"第一个输入值"}},{"type":"float","name":"InputB","info":{"en":"Second input value","zh":"第二个输入值"}}],"output":[{"type":"float","name":"Output"}],"uniforms":{},"frags":{},"main":["float main(float InputA, float InputB) {","    return InputB * dot(InputA, InputB) / dot(InputB, InputB);","}"]}]],0,0,[],[],[]]