[1,["ecpdLyjvZBwrvm+cedCcQy","d92HxfX8VFsbnVzEzRB1EJ","590BvXA1lGr5SkDmgTfFW7","08ZHXD5MRI7bwTfVDGRZFY","03m5yBJB9CuK8qizmM5bjK","95evCeB89IJ6hQhfUYP+xj"],["node","_spriteFrame","_textureSetter","root","detailLabel","detailNode","infoButton2","infoButton","typeLabel","nameLabel","data"],[["cc.Node",["_name","_active","_parent","_components","_prefab","_contentSize","_trs","_color","_anchorPoint"],1,1,12,4,5,7,5,5],["cc.Widget",["_alignFlags","_horizontalCenter","_right","_left","_verticalCenter","node"],-2,1],["cc.Node",["_name","_active","_children","_prefab","_contentSize","_trs","_components","_parent","_anchorPoint","_color"],1,2,4,5,7,9,1,5,5],"cc.SpriteFrame",["cc.Layout",["_resize","_N$layoutType","_N$paddingBottom","node","_layoutSize"],0,1,5],["cc.PrefabInfo",["fileId","root"],2,1],["cc.Sprite",["_sizeMode","_isTrimmedMode","_type","node","_materials","_spriteFrame"],0,1,3,6],["cc.Label",["_string","_fontSize","_lineHeight","_enableWrapText","_N$verticalAlign","_N$overflow","_N$cacheMode","_styleFlags","_N$horizontalAlign","node","_materials"],-6,1,3],["cc.Prefab",["_name"],2],["e8104JxAVZMTZUSAHXWYDIz",["node","nameLabel","typeLabel","infoButton","infoButton2","detailNode","detailLabel"],3,1,1,1,1,1,1,1],["cc.Button",["zoomScale","_N$transition","node","clickEvents","_N$normalColor","_N$hoverColor","_N$target"],1,1,9,5,5,1],["cc.ClickEvent",["_componentId","handler","target"],1,1]],[[5,0,1,2],[0,0,2,3,4,5,8,6,2],[6,0,1,3,4,5,3],[1,0,2,5,3],[7,0,1,2,3,4,5,6,9,10,8],[10,0,1,2,3,4,5,6,3],[11,0,1,2,3],[8,0,2],[2,0,2,6,3,4,8,5,2],[2,0,7,2,3,4,5,2],[2,0,1,7,2,6,3,9,4,5,3],[0,0,2,3,4,7,5,6,2],[0,0,1,2,3,4,7,5,6,3],[0,0,2,3,4,7,5,8,6,2],[9,0,1,2,3,4,5,6,1],[4,0,1,3,4,3],[4,0,1,2,3,4,4],[5,1,1],[6,2,0,3,4,5,3],[1,0,3,5,3],[1,0,1,5,3],[1,0,4,1,5,4],[7,0,1,2,3,7,8,4,5,6,9,10,10]],[[[{"name":"angle-double-up-solid","rect":[30,0,241,300],"offset":[0.5,0],"originalSize":[300,300],"capInsets":[0,0,0,0]}],[3],0,[0],[2],[1]],[[{"name":"angle-double-down-solid","rect":[30,0,241,300],"offset":[0.5,0],"originalSize":[300,300],"capInsets":[0,0,0,0]}],[3],0,[0],[2],[2]],[[[7,"ShaderFXSampleInputContentPrefab"],[8,"ShaderFXSampleInputContentPrefab",[-10,-11],[[14,-8,-7,-6,-5,-4,-3,-2],[15,1,2,-9,[5,800,70]]],[17,-1],[5,800,70],[0,0.5,1],[0,0,0,0,0,0,1,0.25,0.25,0.25]],[9,"Node",1,[-12,-13,-14,-15],[0,"5a8ue9egBBj5RdyGBsUSgd",1],[5,800,70],[0,-35,0,0,0,0,1,1,1,1]],[11,"info_fx",2,[[[2,0,false,-16,[2],3],-17,[3,34,11.5,-18]],4,1,4],[0,"0dGqLjo6FDgKLl1c4NdQ/W",1],[4,4285714431],[5,45,45],[366,0,0,0,0,0,1,1,1,0]],[12,"info_fx copy",false,2,[[[2,0,false,-19,[4],5],[3,34,11.5,-20],-21],4,4,1],[0,"42wr8SIfVFeK6DqZLgZhq6",1],[4,4285714431],[5,45,45],[366,0,0,0,0,0,1,1,1,1]],[10,"Detail",false,1,[-24],[[18,1,0,-22,[7],8],[16,1,2,4,-23,[5,800,139.6]]],[0,"b5ULT4Jf9DVLe0CzB1gilr",1],[4,4280229663],[5,800,139.6],[0,-139.8,0,0,0,0,1,1,1,1]],[13,"Type",2,[[-25,[19,10,2.598000000000013,-26]],1,4],[0,"48v6P3c1FBcJgMG8J8NBvA",1],[4,4279045628],[5,230,75.6],[0,1,0.5],[-167.402,0,0,0,0,0,1,1,1,1]],[1,"Name",2,[[-27,[20,18,76.93100000000001,-28]],1,4],[0,"f67Rmnj6dPW4o2Wz0v7Xtt",1],[5,450,75.6],[0,0,0.5],[-148.069,0,0,0,0,0,1,1,1,1]],[1,"Detail",5,[[-29,[21,18,2,72.255,-30]],1,4],[0,"a7iqwukqNBwqzKiuZZ5bZf",1],[5,550,135.6],[0,0,0.5],[-198.171,2,0,0,0,0,1,1,1,1]],[22,"sampler2d",45,60,false,1,2,1,1,1,6,[0]],[4,"jahsdjkashdjkahsjasda",45,60,false,1,2,1,7,[1]],[5,1.05,3,3,[[6,"e8104JxAVZMTZUSAHXWYDIz","onShow",1]],[4,4294959187],[4,4294311680],3],[5,1.05,3,4,[[6,"e8104JxAVZMTZUSAHXWYDIz","onHide",1]],[4,4294959187],[4,4294311680],4],[4,"jahsdjkashdjkahsjasdaaksjdklasjdklajsdlkasjdlaksjd",45,60,false,1,3,1,8,[6]]],0,[0,3,1,0,4,13,0,5,5,0,6,12,0,7,11,0,8,9,0,9,10,0,0,1,0,0,1,0,-1,2,0,-2,5,0,-1,6,0,-2,7,0,-3,3,0,-4,4,0,0,3,0,-2,11,0,0,3,0,0,4,0,0,4,0,-3,12,0,0,5,0,0,5,0,-1,8,0,-1,9,0,0,6,0,-1,10,0,0,7,0,-1,13,0,0,8,0,10,1,30],[0,0,0,0,0,0,0,0,0],[-1,-1,-1,1,-1,1,-1,-1,1],[0,0,0,3,0,4,0,0,5]]]]