[1,0,0,[["cc.JsonAsset",["_name","json"],1]],[[0,0,1,3]],[[0,"ColorMaskSample",{"name":"ColorMaskSample","panels":[{"name":"Output","x":"300.000","y":"0.000","id":1,"inputSlot":[],"outputSlot":[],"uniforms":{}},{"name":"MainTexture","x":"-400.000","y":"78.000","id":2,"inputSlot":[],"outputSlot":[{"index":0,"connections":[[3,1]]}],"uniforms":{"texture":{"filterMode":"Linear","wrapMode":"Clamp","packMode":"Unpack"}}},{"name":"TextureToRGBA","x":"-160.000","y":"124.000","id":3,"inputSlot":[],"outputSlot":[{"index":0,"connections":[[4,0]]}],"uniforms":{}},{"name":"ColorMask","x":"38.000","y":"-9.000","id":4,"inputSlot":[],"outputSlot":[{"index":0,"connections":[[1,0]]}],"uniforms":{}},{"name":"Color","x":"-185.000","y":"-26.000","id":5,"inputSlot":[],"outputSlot":[{"index":0,"connections":[[4,1]]}],"uniforms":{"u_rgba_5":"0000c7ff"}},{"name":"Float","x":"-189.000","y":"-118.000","id":6,"inputSlot":[],"outputSlot":[{"index":0,"connections":[[4,2]]}],"uniforms":{"u_float_6":"0.860"}},{"name":"Float","x":"-190.000","y":"-166.000","id":7,"inputSlot":[],"outputSlot":[{"index":0,"connections":[[4,3]]}],"uniforms":{"u_float_7":"-0.140"}}],"groups":{}}]],0,0,[],[],[]]