[1,0,0,[["cc.JsonAsset",["_name","json"],1]],[[0,0,1,3]],[[0,"ColorInvert",{"name":"ColorInvert","name_zh":"HSV转线性RGB","version":"1.0","description":{"en":"Inverts the colors of input on a per channel basis.","zh":"将输入值的颜色值的每一个通道的颜色反色后输出。"},"tags":["Core","Color","Convert"],"input":[{"type":"vec4","name":"Color","info":{"en":"Input value","zh":"输入值"}}],"output":[{"type":"vec4","name":"Color"},{"type":"vec3","name":"rgb","property":"rgb"},{"type":"float","name":"r","property":"r"},{"type":"float","name":"g","property":"g"},{"type":"float","name":"b","property":"b"},{"type":"float","name":"a","property":"a"}],"uniforms":{"u_invertR":{"type":"bool","default":true,"info":{"en":"If true R channel will be inverted","zh":"是否需要对 R 通道进行反色处理"}},"u_invertG":{"type":"bool","default":true,"info":{"en":"If true G channel will be inverted","zh":"是否需要对 G 通道进行反色处理"}},"u_invertB":{"type":"bool","default":true,"info":{"en":"If true B channel will be inverted","zh":"是否需要对 B 通道进行反色处理"}},"u_invertA":{"type":"bool","default":false,"info":{"en":"If true A channel will be inverted","zh":"是否需要对 A 通道进行反色处理"}}},"frags":{},"main":["vec4 main (vec4 Color) {","    return abs(vec4(u_invertR, u_invertG, u_invertB, u_invertA) - Color);","}"]}]],0,0,[],[],[]]