[1,0,0,[["cc.JsonAsset",["_name","json"],1]],[[0,0,1,3]],[[0,"Degrees3",{"name":"Degrees3","name_zh":"求角度","version":"1.0","description":{"en":"Converts radians to degrees.","zh":"将输入的弧度值转换为角度值。"},"tags":["Core","Math","Trigonometric"],"input":[{"type":"vec3","name":"Input","info":{"en":"Input value","zh":"输入值"}}],"output":[{"type":"vec3","name":"Output"}],"uniforms":{},"frags":{},"main":["vec3 main(vec3 Input) {","    return degrees(Input);","}"]}]],0,0,[],[],[]]