[1,0,0,[["cc.JsonAsset",["_name","json"],1]],[[0,0,1,3]],[[0,"Split2",{"name":"Split2","name_zh":"","version":"1.0","description":{"en":"Convert a vec2 to two float.","zh":"将2维向量分解为两个浮点数。"},"tags":["Core","Convert"],"input":[{"type":"vec2","name":"Input","info":{"en":"Input value","zh":"输入值"}}],"output":[{"type":"vec2","name":"Output","visible":false},{"type":"float","name":"x","property":"x"},{"type":"float","name":"y","property":"y"}],"uniforms":{},"frags":{},"main":["vec2 main(vec2 Input) {","    return Input;","}"]}]],0,0,[],[],[]]