[1,0,0,[["cc.JsonAsset",["_name","json"],1]],[[0,0,1,3]],[[0,"TangentSample",{"name":"TangentSample","panels":[{"name":"Output","x":"343.000","y":"41.000","id":1,"inputSlot":[],"outputSlot":[],"uniforms":{}},{"name":"MainTexture","x":"-590.000","y":"-306.000","id":2,"inputSlot":[],"outputSlot":[],"uniforms":{"texture":{"filterMode":"Linear","wrapMode":"Clamp","packMode":"Unpack"}}},{"name":"UV0","x":"-415.000","y":"151.000","id":25,"inputSlot":[],"outputSlot":[{"index":1,"connections":[[46,0]]}],"uniforms":{}},{"name":"DebugPlot","x":"91.000","y":"122.000","id":37,"inputSlot":[],"outputSlot":[{"index":0,"connections":[[1,0]]}],"uniforms":{"u_lineWidth_37":"0.02","u_lineColor_37":"00ff00ff"}},{"name":"Tangent1","x":"-181.000","y":"113.000","id":46,"inputSlot":[],"outputSlot":[{"index":0,"connections":[[37,0]]}],"uniforms":{"amplitude_46":"0.200","frequency_46":"9.630","phase_x_46":"0","phase_y_46":"0.500"}}],"groups":{}}]],0,0,[],[],[]]