[1,0,0,[["cc.JsonAsset",["_name","json"],1]],[[0,0,1,3]],[[0,"Round4",{"name":"Round4","name_zh":"四舍五入","version":"1.0","description":{"en":"Returns the input value rounded to the nearest integer, or whole number.","zh":"对输入值进行四舍五入操作。"},"tags":["Core","Math","Round"],"input":[{"type":"vec4","name":"Input","info":{"en":"Input value","zh":"输入值"}}],"output":[{"type":"vec4","name":"Output"}],"uniforms":{},"frags":{},"main":["vec4 main(vec4 Input) {","    return floor(Input + 0.5);","}"]}]],0,0,[],[],[]]