[1,0,0,[["cc.JsonAsset",["_name","json"],1]],[[0,0,1,3]],[[0,"RandomRange",{"name":"RandomRange","name_zh":"范围随机","version":"1.0","description":{"en":"Returns a pseudo-random value based on Seed between the minimum and maximum values.","zh":"返回一个在 [Min, Max] 区间内基于 Seed 的伪随机数。"},"tags":["Core","Range","Generator","Noise","Random"],"input":[{"type":"vec2","name":"Seed","info":{"en":"Seed value used for generation","zh":"随机种子"}},{"type":"float","name":"Min","info":{"en":"Minimum value","zh":"最小值"}},{"type":"float","name":"Max","info":{"en":"Maximum value","zh":"最大值"}}],"output":[{"type":"float","name":"Output"}],"uniforms":{},"frags":{},"main":["float main(vec2 Seed, float Min, float Max) {","    float randomno = fract(sin(dot(Seed, vec2(12.9898, 78.233))) * 43758.5453);","    return mix(Min, Max, randomno);","}"]}]],0,0,[],[],[]]