[1,0,0,[["cc.JsonAsset",["_name","json"],1]],[[0,0,1,3]],[[0,"UTexture",{"name":"UTexture","name_zh":"纹理","version":"1.0","description":{"en":"Returns a sub texutre uniform.","zh":"返回一个非主纹理变量。"},"tags":["Core","Generator","Uniform"],"input":[],"output":[{"type":"sampler2D","name":"Texture"}],"uniforms":{"u_textuer":{"type":"sampler2D","default":"ssr/shaderfx-editor/texture/subtexture","info":{"en":"Texture for output","zh":"输出纹理"}}},"frags":{},"main":[]}]],0,0,[],[],[]]