[1,0,0,[["cc.JsonAsset",["_name","json"],1]],[[0,0,1,3]],[[0,"components",[{"name":"color","isFolder":true,"components":[{"name":"ColorMask"},{"name":"ColorInvert"},{"name":"ColorReplace"},{"name":"ColorRGB2Linear"},{"name":"ColorLinear2RGB"},{"name":"ColorRGB2HSV"},{"name":"ColorHSV2RGB"},{"name":"ColorLinear2HSV"},{"name":"ColorHSV2Linear"},{"name":"Color4Gradients"}]},{"name":"noise","isFolder":true,"components":[{"name":"NoiseSimple"},{"name":"NoiseGradient"},{"name":"NoiseVoronoi"}]},{"name":"wave","isFolder":true,"components":[{"name":"WaveNoiseSine"},{"name":"WaveTriangle","overload":["1","2","3","4"]},{"name":"WaveSawtooth","overload":["1","2","3","4"]},{"name":"WaveSquare","overload":["1","2","3","4"]}]},{"name":"procedural","isFolder":true,"components":[{"name":"ProceduralCheckerboard"},{"name":"ProceduralClover"},{"name":"ProceduralHeart"}]},{"name":"shape","isFolder":true,"components":[{"name":"ShapeRectangle"},{"name":"ShapeRoundedRectangle"},{"name":"ShapePolygon"},{"name":"ShapeEllipse"}]},{"name":"channel","isFolder":true,"components":[{"name":"ChannelMixer"},{"name":"ChannelMask"},{"name":"ChannelSwizzle","overload":["2","3","4"]},{"name":"ChannelFlip"}]},{"name":"derivative","isFolder":true,"components":[{"name":"dFdx","overload":["1","2","3","4"]},{"name":"dFdy","overload":["1","2","3","4"]},{"name":"fwidth","overload":["1","2","3","4"]}]},{"name":"range","isFolder":true,"components":[{"name":"RandomRange"},{"name":"Max","overload":["1","2","3","4"]},{"name":"Min","overload":["1","2","3","4"]},{"name":"Clamp","overload":["1","2","3","4"]},{"name":"Fract","overload":["1","2","3","4"]},{"name":"Clamp01","overload":["1","2","3","4"]},{"name":"Remap","overload":["1","2","3","4"]}]},{"name":"image","isFolder":true,"components":[{"name":"ImageContrast"},{"name":"ImageHue"},{"name":"ImageSaturation"},{"name":"ImageWhiteBalance"},{"name":"ImagePosterize"},{"name":"ImageGrayScale"}]},{"name":"math","isFolder":true,"components":[{"name":"Abs","overload":["1","2","3","4"]},{"name":"Add","overload":["1","2","3","4"]},{"name":"Sub","overload":["1","2","3","4"]},{"name":"Mul","overload":["1","2","3","4"]},{"name":"Div","overload":["1","2","3","4"]},{"name":"Complement","overload":["1","2","3","4"]},{"name":"Modulo","overload":["1","2","3","4"]},{"name":"Negate","overload":["1","2","3","4"]},{"name":"Reciprocal","overload":["1","2","3","4"]}]},{"name":"interpolation","isFolder":true,"components":[{"name":"Mix","overload":["1","2","3","4"]},{"name":"SmoothStep","overload":["1","2","3","4"]}]},{"name":"round","isFolder":true,"components":[{"name":"Ceil","overload":["1","2","3","4"]},{"name":"Round","overload":["1","2","3","4"]},{"name":"Sign","overload":["1","2","3","4"]},{"name":"Step","overload":["1","2","3","4"]},{"name":"Floor","overload":["1","2","3","4"]},{"name":"Trunc","overload":["1","2","3","4"]}]},{"name":"exponentiation","isFolder":true,"components":[{"name":"Exp","overload":["1","2","3","4"]},{"name":"Exp2","overload":["1","2","3","4"]},{"name":"Sqrt","overload":["1","2","3","4"]},{"name":"Log","overload":["1","2","3","4"]},{"name":"Log2","overload":["1","2","3","4"]},{"name":"Pow","overload":["1","2","3","4"]},{"name":"InverseSqrt","overload":["1","2","3","4"]}]},{"name":"vector","isFolder":true,"components":[{"name":"Cross"},{"name":"RotateAboutAxis"},{"name":"Projection","overload":["1","2","3","4"]},{"name":"Reflection","overload":["1","2","3","4"]},{"name":"Rejection","overload":["1","2","3","4"]},{"name":"Distance","overload":["1","2","3","4"]},{"name":"Dot","overload":["1","2","3","4"]},{"name":"Length","overload":["1","2","3","4"]},{"name":"Normalize","overload":["1","2","3","4"]}]},{"name":"trigonometric","isFolder":true,"components":[{"name":"Arccosine","overload":["1","2","3","4"]},{"name":"Arcsine","overload":["1","2","3","4"]},{"name":"Degrees","overload":["1","2","3","4"]},{"name":"Radians","overload":["1","2","3","4"]},{"name":"Cosine","overload":["1","2","3","4"]},{"name":"Sine","overload":["1","2","3","4"]},{"name":"Tangent","overload":["1","2","3","4"]},{"name":"Arctangent","overload":["1","2","3","4"]},{"name":"Arctangent2","overload":["1","2","3","4"]}]},{"name":"reassemble","isFolder":true,"components":[{"name":"1To2"},{"name":"1To3"},{"name":"1To4"},{"name":"2To2"},{"name":"3To3"},{"name":"4To4"},{"name":"31To4"},{"name":"Split","overload":["2","3","4"]}]},{"name":"constants","isFolder":true,"components":[{"name":"Float"},{"name":"Vec2"},{"name":"Vec3"},{"name":"Vec4"},{"name":"Color"}]},{"name":"uniforms","isFolder":true,"components":[{"name":"MainTexture","readonly":true},{"name":"UV0"},{"name":"UFloat"},{"name":"UVec2"},{"name":"UVec3"},{"name":"UVec4"},{"name":"UColor"},{"name":"UTexture"},{"name":"UTime"}]},{"name":"blend","isFolder":true,"components":[{"name":"BlendBurn"},{"name":"BlendDodge"},{"name":"BlendDarken"},{"name":"BlendDifference"},{"name":"BlendDivide"},{"name":"BlendExclusion"},{"name":"BlendHardLight"},{"name":"BlendHardMix"},{"name":"BlendLighten"},{"name":"BlendLinearBurn"},{"name":"BlendLinearDodge"},{"name":"BlendLinearLight"},{"name":"BlendLinearLightAddSub"},{"name":"BlendMultiply"},{"name":"BlendNegation"},{"name":"BlendOverlay"},{"name":"BlendPinLight"},{"name":"BlendScreen"},{"name":"BlendSoftLight"},{"name":"BlendSubtract"},{"name":"BlendVividLight"},{"name":"BlendOverwrite"}]},{"name":"experiment","isFolder":true,"components":[]},{"name":"texture","isFolder":true,"components":[{"name":"Output","readonly":true},{"name":"TextureToRGBA"}]},{"name":"uv","isFolder":true,"components":[{"name":"UVNDC"},{"name":"UVAtlas"},{"name":"UVPolar"},{"name":"UVRadialShear"},{"name":"UVRotate"},{"name":"UVSpherize"},{"name":"UVAnimationFrame"},{"name":"UVAnimation"},{"name":"UVOffset"},{"name":"UVTwirl"},{"name":"UVScale"},{"name":"UVTilingAndOffset"}]},{"name":"debug","isFolder":true,"components":[{"name":"DebugPlot"}]}]]],0,0,[],[],[]]