[1,0,0,[["cc.JsonAsset",["_name","json"],1]],[[0,0,1,3]],[[0,"Color4Gradients",{"name":"Color4Gradients","name_zh":"四角渐变","version":"1.0","description":{"en":"Genrerate a gradient layer with the given four colors of the four conners","zh":"使用给定的四个角的颜色，生成一个渐变色填充的图层。"},"tags":["FX","Color"],"input":[{"type":"vec2","name":"UV","info":{"en":"UV Input value","zh":"UV 输入值"}},{"type":"vec4","name":"ColorLB","info":{"en":"Color of left bottom","zh":"左下角色值"}},{"type":"vec4","name":"ColorRB","info":{"en":"Color of right bottom","zh":"右下角色值"}},{"type":"vec4","name":"ColorLT","info":{"en":"Color of left top","zh":"左上角色值"}},{"type":"vec4","name":"ColorRT","info":{"en":"Color of right top","zh":"右上角色值"}}],"output":[{"type":"vec4","name":"Color"},{"type":"vec3","name":"rgb","property":"rgb"}],"uniforms":{},"frags":{},"main":["vec4 main(vec2 UV, vec4 ColorLB, vec4 ColorRB, vec4 ColorLT, vec4 ColorRT) {","    return mix(mix(ColorLT, ColorRT, UV.x), mix(ColorLB, ColorRB, UV.x), UV.y);","}"]}]],0,0,[],[],[]]