[1,0,0,[["cc.JsonAsset",["_name","json"],1]],[[0,0,1,3]],[[0,"DebugPlot",{"name":"DebugPlot","name_zh":"绘图调试","version":"1.0","description":{"en":"Plot a line on Y using a value between [0.0, 1.0].","zh":"根据输入值在 Y 轴方向上绘制调试用线条。"},"tags":["Core","Debug"],"input":[{"type":"float","name":"Input","info":{"en":"Input value","zh":"输入值"}}],"output":[{"type":"vec4","name":"Color"}],"uniforms":{"u_lineWidth":{"type":"float","default":0.02,"min":0,"max":1,"slider":true,"info":{"en":"Line width","zh":"线宽"}},"u_lineColor":{"type":"cc.Color","default":"#00ff00ff","info":{"en":"Line color","zh":"线条颜色"}}},"frags":{},"main":["vec4 main (float Input) {","    float pct = smoothstep(Input - u_lineWidth, Input, 1.0 - v_uv0.y) - smoothstep(Input, Input + u_lineWidth, 1.0 - v_uv0.y);","    return vec4((1.0 - pct) * vec3(Input) + pct * u_lineColor.rgb, 1.0);","}"]}]],0,0,[],[],[]]