[1,0,0,[["cc.JsonAsset",["_name","json"],1]],[[0,0,1,3]],[[0,"UVNDCSample",{"name":"UVNDCSample","panels":[{"name":"Output","x":"366.000","y":"26.000","id":1,"inputSlot":[],"outputSlot":[],"uniforms":{}},{"name":"MainTexture","x":"-361.000","y":"-15.000","id":2,"inputSlot":[],"outputSlot":[{"index":0,"connections":[[12,1]]}],"uniforms":{"texture":{"filterMode":"Linear","wrapMode":"Clamp","packMode":"Unpack"}}},{"name":"UV0","x":"-398.000","y":"166.000","id":4,"inputSlot":[],"outputSlot":[{"index":0,"connections":[[8,0]]}],"uniforms":{}},{"name":"UVNDC","x":"-180.000","y":"118.000","id":8,"inputSlot":[],"outputSlot":[{"index":0,"connections":[[12,0]]}],"uniforms":{}},{"name":"TextureToRGBA","x":"0.000","y":"0.000","id":12,"inputSlot":[],"outputSlot":[{"index":0,"connections":[[1,0]]}],"uniforms":{}}],"groups":{}}]],0,0,[],[],[]]