[1,0,0,[["cc.JsonAsset",["_name","json"],1]],[[0,0,1,3]],[[0,"ImaageContrastSample",{"name":"ImageContrastSample","panels":[{"name":"Output","x":"300.000","y":"0.000","id":1,"inputSlot":[],"outputSlot":[],"uniforms":{}},{"name":"MainTexture","x":"-476.000","y":"144.000","id":2,"inputSlot":[],"outputSlot":[{"index":0,"connections":[[4,1]]}],"uniforms":{"texture":{"filterMode":"Linear","wrapMode":"Clamp","packMode":"Unpack"}}},{"name":"ImageContrast","x":"-15.000","y":"57.000","id":3,"inputSlot":[],"outputSlot":[{"index":0,"connections":[[1,0]]}],"uniforms":{}},{"name":"TextureToRGBA","x":"-263.000","y":"183.000","id":4,"inputSlot":[],"outputSlot":[{"index":0,"connections":[[3,0]]}],"uniforms":{}},{"name":"Float","x":"-260.000","y":"-17.000","id":5,"inputSlot":[],"outputSlot":[{"index":0,"connections":[[3,1]]}],"uniforms":{"u_float_5":"0.680"}}],"groups":{}}]],0,0,[],[],[]]