[1,0,0,[["cc.JsonAsset",["_name","json"],1]],[[0,0,1,3]],[[0,"UVNDC",{"name":"UVNDC","name_zh":"归一化坐标","version":"1.0","description":{"en":"Convert the input UV to normalized device coordinates [-1, 1].","zh":"将输入的纹理坐标转换为归一化坐标 [-1, 1]。"},"tags":["Core","UV "],"input":[{"type":"vec2","name":"UV","info":{"en":"UV input value","zh":"UV 输入值"}}],"output":[{"type":"vec2","name":"UV"},{"type":"float","name":"x","property":"x"},{"type":"float","name":"y","property":"y"}],"uniforms":{},"frags":{},"main":["vec2 main(vec2 UV) {","    return UV * 2.0 - 1.0;","}"]}]],0,0,[],[],[]]