[1,0,0,[["cc.JsonAsset",["_name","json"],1]],[[0,0,1,3]],[[0,"UVec2",{"name":"UVec2","name_zh":"二维向量","version":"1.0","description":{"en":"Returns a two-vector uniform.","zh":"返回一个二维向量类型的变量值。"},"tags":["Core","Generator","Uniform"],"input":[],"output":[{"type":"vec2","name":"Output"}],"uniforms":{"u_xy":{"type":"vec2","default":"1.00,1.00","info":{"en":"xy component for output","zh":"输出值的 xy 分量"}}},"frags":{},"main":["vec2 main() {","    return u_xy;","}"]}]],0,0,[],[],[]]