[1,0,0,[["cc.JsonAsset",["_name","json"],1]],[[0,0,1,3]],[[0,"ChannelMaskSample",{"name":"ChannelMaskSample","panels":[{"name":"Output","x":"300.000","y":"0.000","id":1,"inputSlot":[],"outputSlot":[],"uniforms":{}},{"name":"MainTexture","x":"-418.000","y":"98.000","id":2,"inputSlot":[],"outputSlot":[{"index":0,"connections":[[3,1]]}],"uniforms":{"texture":{"filterMode":"Linear","wrapMode":"Clamp","packMode":"Unpack"}}},{"name":"TextureToRGBA","x":"-204.000","y":"108.000","id":3,"inputSlot":[],"outputSlot":[{"index":0,"connections":[[4,0]]}],"uniforms":{}},{"name":"ChannelMask","x":"49.000","y":"138.000","id":4,"inputSlot":[],"outputSlot":[{"index":0,"connections":[[1,0]]}],"uniforms":{"u_maskR_4":"1","u_maskG_4":"1","u_maskB_4":"0","u_maskA_4":"1"}}],"groups":{}}]],0,0,[],[],[]]