[1,["5alNVd4jxDs5hGXvQCkMVq","9c+h+AjjpEdbWZLZ8DcxoZ","56fc2Ai/RFNYpaMT8crweK"],["_textureSetter"],["cc.SpriteFrame"],0,[[[{"name":"Ball Kopie","rect":[0,0,14,14],"offset":[0,0],"originalSize":[14,14],"capInsets":[0,0,0,0]}],[0],0,[0],[0],[0]],[[{"name":"Rectanagle","rect":[0,0,69,7],"offset":[0,0],"originalSize":[69,7],"capInsets":[0,0,0,0]}],[0],0,[0],[0],[1]],[[{"name":"default_radio_button_off","rect":[3,3,26,26],"offset":[0,0],"originalSize":[32,32],"capInsets":[0,0,0,0]}],[0],0,[0],[0],[2]]]]