[1,0,0,[["cc.JsonAsset",["_name","json"],1]],[[0,0,1,3]],[[0,"ProceduralCloverSample",{"name":"ProceduralCloverSample","panels":[{"name":"Output","x":"300.000","y":"0.000","id":1,"inputSlot":[],"outputSlot":[],"uniforms":{}},{"name":"MainTexture","x":"-431.000","y":"35.000","id":2,"inputSlot":[],"outputSlot":[],"uniforms":{"texture":{"filterMode":"Linear","wrapMode":"Clamp","packMode":"Unpack"}}},{"name":"ProceduralClover","x":"46.000","y":"58.000","id":3,"inputSlot":[],"outputSlot":[{"index":0,"connections":[[1,0]]}],"uniforms":{}},{"name":"UTime","x":"-279.000","y":"-23.000","id":5,"inputSlot":[],"outputSlot":[{"index":0,"connections":[[6,0]]}],"uniforms":{}},{"name":"Split4","x":"-128.000","y":"-89.000","id":6,"inputSlot":[],"outputSlot":[{"index":2,"connections":[[3,2]]}],"uniforms":{}},{"name":"UV0","x":"-435.000","y":"157.000","id":7,"inputSlot":[],"outputSlot":[{"index":0,"connections":[[9,0]]}],"uniforms":{}},{"name":"Color","x":"-187.000","y":"25.000","id":8,"inputSlot":[],"outputSlot":[{"index":0,"connections":[[3,1]]}],"uniforms":{"u_rgba_8":"00ff00ff"}},{"name":"UVOffset","x":"-132.000","y":"194.000","id":9,"inputSlot":[],"outputSlot":[{"index":0,"connections":[[3,0]]}],"uniforms":{}},{"name":"Vec2","x":"-293.000","y":"99.000","id":10,"inputSlot":[],"outputSlot":[{"index":0,"connections":[[9,1]]}],"uniforms":{"u_x_10":"-0.500","u_y_10":"-0.500"}}],"groups":{}}]],0,0,[],[],[]]