[1,0,0,[["cc.JsonAsset",["_name","json"],1]],[[0,0,1,3]],[[0,"fwidth1",{"name":"fwidth1","name_zh":"偏导数","version":"1.0","description":{"en":"Returns the sum of both partial derivatives of input value.","zh":"返回输入值基于屏幕xy轴的偏导数之和。"},"tags":["Core","Derivative"],"input":[{"type":"float","name":"Input","info":{"en":"Input value","zh":"输入值"}}],"output":[{"type":"float","name":"Output"}],"uniforms":{},"frags":{},"main":["float main(float Input) {","    return fwidth(Input);","}"]}]],0,0,[],[],[]]