[1,0,0,[["cc.JsonAsset",["_name","json"],1]],[[0,0,1,3]],[[0,"4To4Sample",{"name":"4To4Sample","panels":[{"name":"Output","x":"391.000","y":"-12.000","id":1,"inputSlot":[],"outputSlot":[],"uniforms":{}},{"name":"MainTexture","x":"-443.000","y":"34.000","id":2,"inputSlot":[],"outputSlot":[{"index":0,"connections":[[6,1]]}],"uniforms":{"texture":{"filterMode":"Linear","wrapMode":"Clamp","packMode":"Unpack"}}},{"name":"TextureToRGBA","x":"-257.000","y":"104.000","id":6,"inputSlot":[],"outputSlot":[{"index":2,"connections":[[13,3]]},{"index":3,"connections":[[13,2]]},{"index":4,"connections":[[13,1]]},{"index":5,"connections":[[13,0]]}],"uniforms":{}},{"name":"4To4","x":"64.000","y":"87.000","id":13,"inputSlot":[],"outputSlot":[{"index":0,"connections":[[1,0]]}],"uniforms":{}}],"groups":{}}]],0,0,[],[],[]]