[1,0,0,[["cc.JsonAsset",["_name","json"],1]],[[0,0,1,3]],[[0,"Clamp011",{"name":"Clamp011","name_zh":"限制01","version":"1.0","description":{"en":"Returns the input value clamped between 0 and 1.","zh":"对输入值进行 [0, 1] 区间的限制操作。"},"tags":["Core","Math","Range"],"input":[{"type":"float","name":"Input","info":{"en":"Input value","zh":"输入值"}}],"output":[{"type":"float","name":"Output"}],"uniforms":{},"frags":{},"main":["float main(float Input) {","    return clamp(Input, 0.0, 1.0);","}"]}]],0,0,[],[],[]]