[1,0,0,[["cc.JsonAsset",["_name","json"],1]],[[0,0,1,3]],[[0,"WaveSawtooth3",{"name":"WaveSawtooth3","name_zh":"锯齿波","version":"1.0","description":{"en":"Returns a sawtooth wave from the input value.","zh":"使用输入值生成锯齿波。"},"tags":["Core","Noise","Random","Generator","Wave"],"input":[{"type":"vec3","name":"Input","info":{"en":"Input value","zh":"输入值"}}],"output":[{"type":"vec3","name":"Output"}],"uniforms":{},"frags":{},"main":["vec3 main (vec3 Input) {","    return 2.0 * (Input - floor(0.5 + Input));","}"]}]],0,0,[],[],[]]