[1,0,0,[["cc.JsonAsset",["_name","json"],1]],[[0,0,1,3]],[[0,"NoiseSimpleSample",{"name":"NoiseSimpleSample","panels":[{"name":"Output","x":"367.000","y":"-6.000","id":1,"inputSlot":[],"outputSlot":[],"uniforms":{}},{"name":"MainTexture","x":"-482.000","y":"-16.000","id":2,"inputSlot":[],"outputSlot":[],"uniforms":{"texture":{"filterMode":"Linear","wrapMode":"Clamp","packMode":"Unpack"}}},{"name":"UV0","x":"-401.000","y":"144.000","id":3,"inputSlot":[],"outputSlot":[{"index":0,"connections":[[4,0]]}],"uniforms":{}},{"name":"NoiseSimple","x":"-129.000","y":"82.000","id":4,"inputSlot":[],"outputSlot":[{"index":0,"connections":[[5,0]]}],"uniforms":{}},{"name":"1To4","x":"85.000","y":"67.000","id":5,"inputSlot":[],"outputSlot":[{"index":0,"connections":[[1,0]]}],"uniforms":{}},{"name":"Float","x":"-317.000","y":"-9.000","id":6,"inputSlot":[],"outputSlot":[{"index":0,"connections":[[4,1]]}],"uniforms":{"u_float_6":"163.000"}}],"groups":{}}]],0,0,[],[],[]]