[1,0,0,[["cc.JsonAsset",["_name","json"],1]],[[0,0,1,3]],[[0,"dFdy1",{"name":"dFdy1","name_zh":"y偏导数","version":"1.0","description":{"en":"Returns the partial derivative of the input value with respect to the screen-space y-coordinate.","zh":"返回输入值基于屏幕y轴的偏导数。"},"tags":["Core","Derivative"],"input":[{"type":"float","name":"Input","info":{"en":"Input value","zh":"输入值"}}],"output":[{"type":"float","name":"Output"}],"uniforms":{},"frags":{},"main":["float main(float Input) {","    return dFdy(Input);","}"]}]],0,0,[],[],[]]