[1,0,0,[["cc.JsonAsset",["_name","json"],1]],[[0,0,1,3]],[[0,"ProceduralCheckerboardSample",{"name":"ProceduralCheckerboardSample","panels":[{"name":"Output","x":"371.000","y":"4.000","id":1,"inputSlot":[],"outputSlot":[],"uniforms":{}},{"name":"MainTexture","x":"-482.000","y":"106.000","id":2,"inputSlot":[],"outputSlot":[],"uniforms":{"texture":{"filterMode":"Linear","wrapMode":"Clamp","packMode":"Unpack"}}},{"name":"ProceduralCheckerboard","x":"-6.000","y":"70.000","id":9,"inputSlot":[],"outputSlot":[{"index":0,"connections":[[1,0]]}],"uniforms":{}},{"name":"Color","x":"-264.000","y":"12.000","id":10,"inputSlot":[],"outputSlot":[{"index":0,"connections":[[9,2]]}],"uniforms":{"u_rgba_10":"05ff7fff"}},{"name":"Color","x":"-267.000","y":"102.000","id":11,"inputSlot":[],"outputSlot":[{"index":0,"connections":[[9,1]]}],"uniforms":{"u_rgba_11":"ff3f45ff"}},{"name":"Float","x":"-281.000","y":"-89.000","id":12,"inputSlot":[],"outputSlot":[{"index":0,"connections":[[9,3]]}],"uniforms":{"u_float_12":"10.160"}},{"name":"UV0","x":"-260.000","y":"255.000","id":13,"inputSlot":[],"outputSlot":[{"index":0,"connections":[[9,0]]}],"uniforms":{}}],"groups":{}}]],0,0,[],[],[]]