[1,["ecpdLyjvZBwrvm+cedCcQy","87Px0Te+RI/5KnfI/VoWcG","f0BIwQ8D5Ml7nTNQbh1YlS","a2MjXRFdtLlYQ5ouAFv/+R","e97GVMl6JHh5Ml5qEDdSGa","29FYIk+N1GYaeWH/q1NxQO","95evCeB89IJ6hQhfUYP+xj","0ek66qC1NOQLjgYmi04HvX","7a/QZLET9IDreTiBfRn2PD","72joUhsV5KrJCqNx0mjDXA","4dCCiBFoRDBrCSngNqq7ZP","fcmtiy52pJ3ZFxzUvKz3Tk","08QD6m7X9DgonK5jVkeBeO"],["node","_N$file","_spriteFrame","_parent","_N$target","_N$normalSprite","_N$pressedSprite","_N$hoverSprite","_N$disabledSprite","root","_effectAsset","wValue","zValue","yValue","xValue","atlasPanel","_propertyValuePacked","propertyName","data"],[["cc.Node",["_name","_active","_prefab","_contentSize","_components","_trs","_children","_parent","_color","_anchorPoint"],1,4,5,9,7,2,1,5,5],["cc.Layout",["_resize","_N$layoutType","_N$paddingTop","_N$paddingBottom","_N$paddingLeft","_N$paddingRight","_N$affectedByScale","_N$spacingX","_N$spacingY","node","_layoutSize"],-6,1,5],["cc.Widget",["_alignFlags","_right","_left","_bottom","_originalWidth","_top","_originalHeight","node"],-4,1],["cc.Label",["_string","_fontSize","_lineHeight","_N$verticalAlign","_isSystemFontUsed","_N$horizontalAlign","node","_materials","_N$file"],-3,1,3,6],["cc.Node",["_name","_parent","_components","_prefab","_contentSize","_trs","_anchorPoint"],2,1,12,4,5,7,5],["cc.PrefabInfo",["fileId","root"],2,1],["cc.Sprite",["_sizeMode","node","_materials","_spriteFrame"],2,1,3,6],["cc.Button",["zoomScale","_N$transition","node","_N$target","clickEvents","_N$normalColor","_N$pressedColor","_N$disabledColor","_N$normalSprite","_N$pressedSprite","_N$hoverSprite","_N$disabledSprite"],1,1,1,9,5,5,5,6,6,6,6],["cc.ClickEvent",["_componentId","handler","customEventData","target"],0,1],["cc.EffectAsset",["_name","shaders","techniques"],0],["cc.Material",["_name","_techniqueData"],1],["cc.Prefab",["_name"],2],["cc.Node",["_name","_active","_parent","_components","_prefab","_contentSize"],1,1,2,4,5],["34d8bmImJ1OS5RpvHeQjZ6g",["node","propertyName","_propertyValuePacked","atlasPanel","xValue","yValue","zValue","wValue"],3,1,1,1,1,1,1,1,1],["sp.Skeleton",["defaultSkin","defaultAnimation","_preCacheMode","_animationName","node","_materials"],-1,1,3]],[[5,0,1,2],[2,0,2,5,3,6,7,6],[6,0,1,2,3,2],[0,0,7,4,2,3,9,5,2],[0,0,7,4,2,8,3,5,2],[3,0,1,2,4,3,6,7,8,6],[4,0,1,2,3,4,6,5,2],[3,0,1,2,4,3,6,7,6],[1,0,1,9,10,3],[1,0,1,2,8,9,10,5],[7,0,1,2,5,6,7,3,8,9,10,11,3],[0,0,6,4,2,3,5,2],[0,0,7,6,4,2,8,3,5,2],[0,0,7,6,4,2,3,5,2],[0,0,1,7,6,4,2,3,3],[0,0,7,4,2,3,5,2],[1,0,1,2,3,9,10,5],[1,0,1,7,9,10,4],[2,0,2,1,4,7,5],[7,0,1,2,4,3,3],[9,0,1,2,4],[10,0,1,3],[11,0,2],[0,0,6,2,3,5,2],[0,0,7,6,4,2,8,3,2],[0,0,1,6,4,2,3,5,3],[0,0,6,4,2,3,2],[0,0,1,6,4,2,8,3,5,3],[0,0,4,2,3,5,2],[0,0,7,6,2,8,3,5,2],[0,0,7,6,4,2,8,3,9,5,2],[0,0,1,7,4,2,3,5,3],[0,0,7,6,2,3,5,2],[0,0,1,7,6,2,8,3,5,3],[0,0,1,7,6,4,2,3,5,3],[0,0,7,4,2,3,2],[4,0,1,2,3,4,5,2],[12,0,1,2,3,4,5,3],[1,0,1,4,5,9,10,5],[1,0,1,3,6,9,10,5],[1,0,1,2,9,10,4],[5,1,1],[13,0,1,2,3,4,5,6,7,1],[6,0,1,2,2],[2,0,1,3,7,4],[2,0,2,1,3,4,7,6],[2,0,2,1,5,4,6,7,7],[8,0,1,3,3],[8,0,1,2,3,4],[14,0,1,2,3,4,5,5],[3,0,1,2,3,6,7,5],[3,0,1,2,4,5,3,6,7,8,7],[3,0,1,2,4,5,3,6,7,7]],[[[[20,"builtin-2d-spine",[{"hash":3550530479,"record":null,"name":"builtin-2d-spine|vs|fs","glsl3":{"vert":"\nprecision highp float;\nuniform CCGlobal {\n  mat4 cc_matView;\n  mat4 cc_matViewInv;\n  mat4 cc_matProj;\n  mat4 cc_matProjInv;\n  mat4 cc_matViewProj;\n  mat4 cc_matViewProjInv;\n  vec4 cc_cameraPos;\n  vec4 cc_time;\n  mediump vec4 cc_screenSize;\n  mediump vec4 cc_screenScale;\n};\nuniform CCLocal {\n  mat4 cc_matWorld;\n  mat4 cc_matWorldIT;\n};\nin vec3 a_position;\nin vec4 a_color;\n#if USE_TINT\n  in vec4 a_color0;\n#endif\nin vec2 a_uv0;\nout vec2 v_uv0;\nout vec4 v_light;\n#if USE_TINT\n  out vec4 v_dark;\n#endif\nvoid main () {\n  mat4 mvp;\n  #if CC_USE_MODEL\n    mvp = cc_matViewProj * cc_matWorld;\n  #else\n    mvp = cc_matViewProj;\n  #endif\n  v_uv0 = a_uv0;\n  v_light = a_color;\n  #if USE_TINT\n    v_dark = a_color0;\n  #endif\n  gl_Position = mvp * vec4(a_position, 1);\n}","frag":"\nprecision highp float;\nuniform sampler2D texture;\nin vec2 v_uv0;\nin vec4 v_light;\n#if USE_TINT\n  in vec4 v_dark;\n#endif\n#if USE_ALPHA_TEST\n  uniform ALPHA_TEST {\n    float alphaThreshold;\n  };\n#endif\nvoid ALPHA_TEST (in vec4 color) {\n  #if USE_ALPHA_TEST\n      if (color.a < alphaThreshold) discard;\n  #endif\n}\nvoid ALPHA_TEST (in float alpha) {\n  #if USE_ALPHA_TEST\n      if (alpha < alphaThreshold) discard;\n  #endif\n}\nvoid main () {\n  vec4 texColor = vec4(1.0);\n  vec4 texture_tmp = texture(texture, v_uv0);\n  #if CC_USE_ALPHA_ATLAS_texture\n      texture_tmp.a *= texture(texture, v_uv0 + vec2(0, 0.5)).r;\n  #endif\n  #if INPUT_IS_GAMMA\n    texColor.rgb *= (texture_tmp.rgb * texture_tmp.rgb);\n    texColor.a *= texture_tmp.a;\n  #else\n    texColor *= texture_tmp;\n  #endif\n  vec4 finalColor;\n  #if USE_TINT\n    finalColor.a = v_light.a * texColor.a;\n    finalColor.rgb = ((texColor.a - 1.0) * v_dark.a + 1.0 - texColor.rgb) * v_dark.rgb + texColor.rgb * v_light.rgb;\n  #else\n    finalColor = texColor * v_light;\n  #endif\n  ALPHA_TEST(finalColor);\n  gl_FragColor = finalColor;\n}"},"glsl1":{"vert":"\nprecision highp float;\nuniform mat4 cc_matViewProj;\nuniform mat4 cc_matWorld;\nattribute vec3 a_position;\nattribute vec4 a_color;\n#if USE_TINT\n  attribute vec4 a_color0;\n#endif\nattribute vec2 a_uv0;\nvarying vec2 v_uv0;\nvarying vec4 v_light;\n#if USE_TINT\n  varying vec4 v_dark;\n#endif\nvoid main () {\n  mat4 mvp;\n  #if CC_USE_MODEL\n    mvp = cc_matViewProj * cc_matWorld;\n  #else\n    mvp = cc_matViewProj;\n  #endif\n  v_uv0 = a_uv0;\n  v_light = a_color;\n  #if USE_TINT\n    v_dark = a_color0;\n  #endif\n  gl_Position = mvp * vec4(a_position, 1);\n}","frag":"\nprecision highp float;\nuniform sampler2D texture;\nvarying vec2 v_uv0;\nvarying vec4 v_light;\n#if USE_TINT\n  varying vec4 v_dark;\n#endif\n#if USE_ALPHA_TEST\n  uniform float alphaThreshold;\n#endif\nvoid ALPHA_TEST (in vec4 color) {\n  #if USE_ALPHA_TEST\n      if (color.a < alphaThreshold) discard;\n  #endif\n}\nvoid ALPHA_TEST (in float alpha) {\n  #if USE_ALPHA_TEST\n      if (alpha < alphaThreshold) discard;\n  #endif\n}\nvoid main () {\n  vec4 texColor = vec4(1.0);\n  vec4 texture_tmp = texture2D(texture, v_uv0);\n  #if CC_USE_ALPHA_ATLAS_texture\n      texture_tmp.a *= texture2D(texture, v_uv0 + vec2(0, 0.5)).r;\n  #endif\n  #if INPUT_IS_GAMMA\n    texColor.rgb *= (texture_tmp.rgb * texture_tmp.rgb);\n    texColor.a *= texture_tmp.a;\n  #else\n    texColor *= texture_tmp;\n  #endif\n  vec4 finalColor;\n  #if USE_TINT\n    finalColor.a = v_light.a * texColor.a;\n    finalColor.rgb = ((texColor.a - 1.0) * v_dark.a + 1.0 - texColor.rgb) * v_dark.rgb + texColor.rgb * v_light.rgb;\n  #else\n    finalColor = texColor * v_light;\n  #endif\n  ALPHA_TEST(finalColor);\n  gl_FragColor = finalColor;\n}"},"builtins":{"globals":{"blocks":[{"name":"CCGlobal","defines":[]}],"samplers":[]},"locals":{"blocks":[{"name":"CCLocal","defines":[]}],"samplers":[]}},"defines":[{"name":"USE_TINT","type":"boolean","defines":[]},{"name":"CC_USE_MODEL","type":"boolean","defines":[]},{"name":"USE_ALPHA_TEST","type":"boolean","defines":[]},{"name":"CC_USE_ALPHA_ATLAS_texture","type":"boolean","defines":[]},{"name":"INPUT_IS_GAMMA","type":"boolean","defines":[]}],"blocks":[{"name":"ALPHA_TEST","binding":0,"members":[{"name":"alphaThreshold","type":13,"count":1}],"defines":["USE_ALPHA_TEST"]}],"samplers":[{"name":"texture","type":29,"count":1,"binding":30,"defines":[]}]}],[{"passes":[{"program":"builtin-2d-spine|vs|fs","blendState":{"targets":[{"blend":true}]},"rasterizerState":{"cullMode":0},"properties":{"texture":{"value":"white","type":29},"alphaThreshold":{"type":13,"value":[0.5]}}}]}]]],0,0,[],[],[]],[[[21,"builtin-2d-spine",{}]],0,0,[0],[10],[7]],[[[22,"ShaderFXPanelSpinePrefab"],[11,"ShaderFXPanelOutputPrefab",[-3],[[38,1,2,5,5,-2,[5,280,280.5]]],[41,-1],[5,280,280.5],[35,0,0,0,0,0,1,0.8,0.8,1]],[11,"ShaderFXPrefabUniformTexture",[-14,-15],[[39,1,2,5,true,-5,[5,200,200]],[42,-13,-12,-11,-10,-9,-8,-7,-6]],[0,"1cQf+ryplFVbxjA4cmFq2m",-4],[5,200,200],[-1.456,0,0,0,0,0,1,1,1,1]],[23,"TitlePanel",[-16,-17,-18,-19,-20,-21,-22,-23,-24,-25,-26,-27],[0,"96kZ6EiKhGmZIz9aPMBvCs",2],[5,190,20],[0,136.315,0,0,0,0,1,1,1,1]],[24,"Bg",1,[-30,-31,-32,-33],[[2,0,-28,[52],53],[16,1,2,10,10,-29,[5,280,280.5]]],[0,"00gWZWl1VCnpMeIsDHG/qV",1],[4,4280492835],[5,280,280.5]],[25,"Layout",false,[-36,-37,-38],[[17,1,1,2,-34,[5,-2,20]],[44,36,24,-2,-35]],[0,"fdvfTzVnZO3ZrQ9kpfdBqB",1],[5,-2,20],[107,-2,0,0,0,0,1,1,1,1]],[26,"Panel",[-40,-41,-42],[[8,1,3,-39,[5,290,30]]],[0,"65C2ckMaNO0qlSQUPuGf4m",1],[5,290,30]],[12,"ContentPanel",4,[-44,-45,-46],[[16,1,2,2,2,-43,[5,260,204.5]]],[0,"94pLH+Dt9Cb7gxRkLmLxZZ",1],[4,4281019179],[5,260,204.5],[0,-28,0,0,0,0,1,1,1,1]],[27,"Bg",false,[3,-48],[[2,0,-47,[30],31]],[0,"a8LQ2dO2NGhJdti7UvjyXJ",2],[4,4280492835],[5,220,330],[205.443,54.191,0,0,0,0,1,1,1,1]],[28,"value",[[19,1.1,3,-50,[[47,"34d8bmImJ1OS5RpvHeQjZ6g","onPreview",2]],-49],[49,"default","walk",0,"walk",-51,[8]]],[0,"baz39hCfxOxKdQlFwBcQai",2],[5,1223.72,1055.62],[-5.169,-97.086,0,0,0,0,1,0.18,0.18,0]],[36,"pack",8,[[-52,[19,1.1,3,-54,[[48,"34d8bmImJ1OS5RpvHeQjZ6g","onPreview","packed",2]],-53]],1,4],[0,"53+r5YzhxH7IePtnFoj7gP",2],[5,195,195],[-0.084,-54.191,0,0,0,0,1,1,1,0]],[29,"TitlePanel",4,[-55,-56],[0,"3fKW4vjudDjLWNOk58RbkS",1],[4,4280492835],[5,260,24],[0,118.25,0,0,0,0,1,1,1,1]],[3,"Title",11,[[50,"Spine Texture",13,13,1,-57,[0]],[1,13,2,3.8100000000000005,3.8100000000000005,14,-58]],[0,"b6Fu9isjZBfrivFcYJ/FdY",1],[5,79.49,16.38],[0,0,0.5],[-128,0,0,0,0,0,1,1,1,1]],[4,"Seperator",11,[[2,0,-59,[1],2],[45,44,-1,-1,-1,100,-60]],[0,"06gzPLGgxNjaOu/vo42XhZ",1],[4,4278190080],[5,262,0.5],[0,-12.75,0,0,0,0,1,1,1,1]],[30,"SlotPanel",4,[-62],[[40,1,2,2,-61,[5,290,32]]],[0,"e2nWXXeYdMqac/N2gqkVy7",1],[4,4281940281],[5,290,32],[0,0.5,1],[0,106.25,0,0,0,0,1,1,1,1]],[12,"Bg",14,[6],[[8,1,2,-63,[5,280,30]]],[0,"f6W4PVYX9I3YSEcDD1QrmF",1],[4,4281019179],[5,280,30],[0,-17,0,0,0,0,1,1,1,1]],[4,"Seperator",7,[[2,0,-64,[3],4],[46,41,-1,-1,2,100,0.5,-65]],[0,"5akxsVw51LcaVg2pwtvLMa",1],[4,4278190080],[5,262,0.5],[0,100,0,0,0,0,1,1,1,1]],[31,"Title",false,7,[[51,"Uniforms",14,14,false,1,1,-66,[5],6],[1,1,42.085,0.5,28,14,-67]],[0,"e3SWqFjPdNioJ6iPRLJfZy",1],[5,63,14],[0,-0.25,0,0,0,0,1,1,1,1]],[13,"Content",7,[2],[[8,1,2,-68,[5,320,200]]],[0,"6diNFKVhVIGaTY8iI9sQzK",1],[5,320,200],[1,-0.25,0,0,0,0,1,1,1,1]],[13,"kv",2,[-70],[[17,1,1,5,-69,[5,-5,0]]],[0,"c77wT/uA9DY6/BygdV2V/z",2],[5,-5,0],[0,100,0,0,0,0,1,1,1,1]],[32,"Node",2,[9,8],[0,"3ffsMfv7BImp9GTuuKDO8M",2],[5,195,195],[0,2.5,0,0,0,0,1,1,1,1]],[3,"Title",3,[[5,"Dynamic Atlas",13,13,false,1,-71,[9],10],[1,13,2,-1.2439999999999998,8.244,14,-72]],[0,"f0CamjqxdD0aZ6VLdEMHIA",2],[5,87.03,13],[0,0,0.5],[-93,4.744,0,0,0,0,1,1,1,1]],[3,"Title copy",3,[[5,"Texture",13,13,false,1,-73,[11],12],[1,13,2,83.975,-76.975,14,-74]],[0,"10IJ7LcEpCM5CxWqPxWgVd",2],[5,48.75,13],[0,0,0.5],[-93,-80.475,0,0,0,0,1,1,1,1]],[3,"Title copy",3,[[5,"UV",13,13,false,1,-75,[13],14],[1,13,2,23.776,-16.776,14,-76]],[0,"72FQDp/elEy7QOTpf8QQK3",2],[5,21.31,13],[0,0,0.5],[-93,-20.276,0,0,0,0,1,1,1,1]],[3,"x",3,[[5,"x:",13,13,false,1,-77,[15],16],[1,13,17.438000000000002,44.052,-37.052,14,-78]],[0,"3fbo7d7GZEYaNEq/n7nIt8",2],[5,13.36,13],[0,0,0.5],[-77.562,-40.552,0,0,0,0,1,1,1,1]],[6,"xValue",3,[[-79,[1,13,37.438,45.5,-38.5,14,-80]],1,4],[0,"5f3jjhBkBFLJ/9wwzmCmSy",2],[5,44.42,13],[0,0,0.5],[-57.562,-42,0,0,0,0,1,1,1,1]],[3,"y",3,[[5,"y:",13,13,false,1,-81,[18],19],[1,13,114.438,44.052,-37.052,14,-82]],[0,"b9hwAapU9K97EcAaRIAOp/",2],[5,13.36,13],[0,0,0.5],[19.438000000000002,-40.552,0,0,0,0,1,1,1,1]],[6,"yValue",3,[[-83,[1,13,135.438,45.052,-38.052,14,-84]],1,4],[0,"4fJphWeH5H144qUiwN96Y1",2],[5,44.42,13],[0,0,0.5],[40.43799999999999,-41.552,0,0,0,0,1,1,1,1]],[3,"z",3,[[5,"z:",13,13,false,1,-85,[21],22],[1,13,17.438000000000002,61.661,-54.661,14,-86]],[0,"b38VxX9JZOiIEGeI3ruOJP",2],[5,12.28,13],[0,0,0.5],[-77.562,-58.161,0,0,0,0,1,1,1,1]],[6,"zValue",3,[[-87,[1,13,37.438,63.377,-56.377,14,-88]],1,4],[0,"51h3KszBZHEI8WxFVjJ+A+",2],[5,44.42,13],[0,0,0.5],[-57.562,-59.877,0,0,0,0,1,1,1,1]],[3,"w",3,[[5,"w:",13,13,false,1,-89,[24],25],[1,13,114.438,61.661,-54.661,14,-90]],[0,"c8wVdLjhxHVaJ01RXrwg9P",2],[5,16.97,13],[0,0,0.5],[19.438000000000002,-58.161,0,0,0,0,1,1,1,1]],[6,"wValue",3,[[-91,[1,13,134.768,63.377,-56.377,14,-92]],1,4],[0,"75QjZ1e41HJJfcTR7O4PGp",2],[5,44.42,13],[0,0,0.5],[39.768,-59.877,0,0,0,0,1,1,1,1]],[4,"Seperator",3,[[2,0,-93,[27],28],[18,44,-1,-1,100,-94]],[0,"10bd5YQdhNAY00ArQwaUrw",2],[4,4278190080],[5,192,0.5],[0,-9.75,0,0,0,0,1,1,1,1]],[33,"ToolBarPanel",false,4,[-95,5],[0,"84N8WLQFVP6p3anFvkbx5j",1],[4,4279703319],[5,260,20],[0,-30.25,0,0,0,0,1,1,1,1]],[4,"Seperator",33,[[2,0,-96,[32],33],[18,41,-1,-1,100,-97]],[0,"5fnnLaJzVAvrF/FBoJL5f0",1],[4,4278190080],[5,262,0.5],[0,9.75,0,0,0,0,1,1,1,1]],[14,"UngroupButton",false,5,[-100],[[10,1.1,3,-99,[4,4293322470],[4,4291348680],[4,3363338360],-98,36,37,38,39]],[0,"195+Pj/JlKXpSZovr479x/",1],[5,20,20]],[4,"icon",35,[[2,0,-101,[34],35]],[0,"4bnN2htoxO4Je7TwTuz/XA",1],[4,4294764209],[5,16,16],[0,0,0,0,0,0,1,1,1,0]],[14,"CloneButton",false,5,[-104],[[10,1.1,3,-103,[4,4293322470],[4,4291348680],[4,3363338360],-102,42,43,44,45]],[0,"6bpMEU6dJItq0wUJS76DFv",1],[5,20,20]],[4,"icon",37,[[2,0,-105,[40],41]],[0,"f5408t2jBA8Y8dt3OuVzzJ",1],[4,4294764209],[5,16,16],[0,0,0,0,0,0,1,1,1,0]],[34,"DeleteButton",false,5,[-108],[[10,1.1,3,-107,[4,4293322470],[4,4291348680],[4,3363338360],-106,48,49,50,51]],[0,"16w60KcklD9oppaigu8Tni",1],[5,20,20],[11,0,0,0,0,0,1,1,1,1]],[4,"icon",39,[[2,0,-109,[46],47]],[0,"9dEl59netIy4oxbAvgl6mU",1],[4,4294764209],[5,16,16],[0,0,0,0,0,0,1,1,1,0]],[15,"InputPanel",6,[[9,1,2,10,5,-110,[5,20,22]]],[0,"44+0szOWhEAbXEt16+p45C",1],[5,20,22],[-135,4,0,0,0,0,1,1,1,1]],[35,"CenterPanel",6,[[9,1,2,10,5,-111,[5,250,30]]],[0,"22jA4xumxMtoujIN41bY7J",1],[5,250,30]],[15,"OutputPanel",6,[[9,1,2,10,5,-112,[5,20,22]]],[0,"324yVxGFBB9qJmFJKKCjW5",1],[5,20,22],[135,4,0,0,0,0,1,1,1,1]],[37,"name",false,19,[-113],[0,"6bRMhbK01FMpcUHeAUO94R",2],[5,51.33,12]],[52,"intensity",12,12,false,1,1,44,[7]],[7,"0.0025",13,13,false,1,25,[17]],[7,"0.0025",13,13,false,1,27,[20]],[7,"0.0025",13,13,false,1,29,[23]],[7,"0.0025",13,13,false,1,31,[26]],[43,0,10,[29]]],0,[0,9,1,0,0,1,0,-1,4,0,9,2,0,0,2,0,11,49,0,12,48,0,13,47,0,14,46,0,15,8,0,16,50,0,17,45,0,0,2,0,-1,19,0,-2,20,0,-1,21,0,-2,22,0,-3,23,0,-4,24,0,-5,25,0,-6,26,0,-7,27,0,-8,28,0,-9,29,0,-10,30,0,-11,31,0,-12,32,0,0,4,0,0,4,0,-1,11,0,-2,14,0,-3,7,0,-4,33,0,0,5,0,0,5,0,-1,35,0,-2,37,0,-3,39,0,0,6,0,-1,41,0,-2,42,0,-3,43,0,0,7,0,-1,16,0,-2,17,0,-3,18,0,0,8,0,-2,10,0,4,9,0,0,9,0,0,9,0,-1,50,0,4,10,0,0,10,0,-1,12,0,-2,13,0,0,12,0,0,12,0,0,13,0,0,13,0,0,14,0,-1,15,0,0,15,0,0,16,0,0,16,0,0,17,0,0,17,0,0,18,0,0,19,0,-1,44,0,0,21,0,0,21,0,0,22,0,0,22,0,0,23,0,0,23,0,0,24,0,0,24,0,-1,46,0,0,25,0,0,26,0,0,26,0,-1,47,0,0,27,0,0,28,0,0,28,0,-1,48,0,0,29,0,0,30,0,0,30,0,-1,49,0,0,31,0,0,32,0,0,32,0,-1,34,0,0,34,0,0,34,0,4,36,0,0,35,0,-1,36,0,0,36,0,4,38,0,0,37,0,-1,38,0,0,38,0,4,40,0,0,39,0,-1,40,0,0,40,0,0,41,0,0,42,0,0,43,0,-1,45,0,18,1,2,3,18,3,3,8,5,3,33,6,3,15,8,3,20,9,3,20,113],[0,0,0,0,0,0,0,0,0,0,0,0,0,0,0,0,0,0,0,0,0,0,0,0,0,0,0,0,0,0,0,0,0,0,0,0,0,0,0,0,0,0,0,0,0,0,0,0,0,0,0,0,0,0,45,46,47,48,49,50],[-1,-1,2,-1,2,-1,1,-1,-1,-1,1,-1,1,-1,1,-1,1,-1,-1,1,-1,-1,1,-1,-1,1,-1,-1,2,-1,-1,2,-1,2,-1,2,5,6,7,8,-1,2,5,6,7,8,-1,2,5,6,7,8,-1,2,1,1,1,1,1,2],[0,0,3,0,3,0,1,0,8,0,1,0,1,0,1,0,1,0,0,1,0,0,1,0,0,1,0,0,3,0,0,6,0,3,0,9,2,4,2,5,0,10,2,4,2,5,0,11,2,4,2,5,0,6,1,1,1,1,1,12]]]]