[1,["3ejylNCWNDia5r74qC9Qw1"],["_effectAsset"],[["cc.EffectAsset",["_name","shaders","techniques"],0],["cc.Material",["_name","_techniqueData"],1]],[[0,0,1,2,4],[1,0,1,3]],[[[[0,"Editor",[{"hash":3925817149,"record":null,"name":"Editor|vs|fs","glsl3":{"vert":"\nprecision highp float;\nuniform CCGlobal {\n  mat4 cc_matView;\n  mat4 cc_matViewInv;\n  mat4 cc_matProj;\n  mat4 cc_matProjInv;\n  mat4 cc_matViewProj;\n  mat4 cc_matViewProjInv;\n  vec4 cc_cameraPos;\n  vec4 cc_time;\n  mediump vec4 cc_screenSize;\n  mediump vec4 cc_screenScale;\n};\nuniform CCLocal {\n  mat4 cc_matWorld;\n  mat4 cc_matWorldIT;\n};\nin vec3 a_position;\n#if USE_TEXTURE\n    in vec2 a_uv0;\n    out vec2 v_uv0;\n#endif\nin vec4 a_color;\nout vec4 v_color;\nvoid main () {\n    mat4 mvp;\n    #if CC_USE_MODEL\n        mvp = cc_matViewProj * cc_matWorld;\n    #else\n        mvp = cc_matViewProj;\n    #endif\n    #if USE_TEXTURE\n        v_uv0 = a_uv0;\n    #endif\n    #if USE_TINT\n    #endif\n    v_color = a_color;\n    gl_Position = mvp * vec4(a_position, 1);\n}","frag":"\nprecision highp float;\nuniform CCGlobal {\n  mat4 cc_matView;\n  mat4 cc_matViewInv;\n  mat4 cc_matProj;\n  mat4 cc_matProjInv;\n  mat4 cc_matViewProj;\n  mat4 cc_matViewProjInv;\n  vec4 cc_cameraPos;\n  vec4 cc_time;\n  mediump vec4 cc_screenSize;\n  mediump vec4 cc_screenScale;\n};\n#if USE_TEXTURE\n    in vec2 v_uv0;\n    uniform sampler2D texture;\n#endif\nin vec4 v_color;\nvoid main () {\n    vec2 uv = v_uv0;\n    vec4 color = texture2D(texture, uv);\n    gl_FragColor = color;\n}"},"glsl1":{"vert":"\nprecision highp float;\nuniform mat4 cc_matViewProj;\nuniform mat4 cc_matWorld;\nattribute vec3 a_position;\n#if USE_TEXTURE\n    attribute vec2 a_uv0;\n    varying vec2 v_uv0;\n#endif\nattribute vec4 a_color;\nvarying vec4 v_color;\nvoid main () {\n    mat4 mvp;\n    #if CC_USE_MODEL\n        mvp = cc_matViewProj * cc_matWorld;\n    #else\n        mvp = cc_matViewProj;\n    #endif\n    #if USE_TEXTURE\n        v_uv0 = a_uv0;\n    #endif\n    #if USE_TINT\n    #endif\n    v_color = a_color;\n    gl_Position = mvp * vec4(a_position, 1);\n}","frag":"\nprecision highp float;\n#if USE_TEXTURE\n    varying vec2 v_uv0;\n    uniform sampler2D texture;\n#endif\nvarying vec4 v_color;\nvoid main () {\n    vec2 uv = v_uv0;\n    vec4 color = texture2D(texture, uv);\n    gl_FragColor = color;\n}"},"builtins":{"globals":{"blocks":[{"name":"CCGlobal","defines":[]}],"samplers":[]},"locals":{"blocks":[{"name":"CCLocal","defines":[]}],"samplers":[]}},"defines":[{"name":"USE_TEXTURE","type":"boolean","defines":[]},{"name":"CC_USE_MODEL","type":"boolean","defines":[]},{"name":"USE_TINT","type":"boolean","defines":[]}],"blocks":[],"samplers":[{"name":"texture","type":29,"count":1,"binding":30,"defines":["USE_TEXTURE"]}]}],[{"passes":[{"program":"Editor|vs|fs","blendState":{"targets":[{"blend":true}]},"rasterizerState":{"cullMode":0},"properties":{"texture":{"value":"white","type":29}}}]}]]],0,0,[],[],[]],[[[1,"Editor",{"0":{"props":{},"defines":{"USE_TEXTURE":true}}}]],0,0,[0],[0],[0]]]]