[1,["ecpdLyjvZBwrvm+cedCcQy","54rdLyDJFJs738oRici0Ci","b8EDhznhZGXolmAkIFXIR+","9bvaMerUlDyary99mJa6xp","b1mibCFE1EgKP/rthtA+mT","eab9ORC55OeJbc0R7D4E3K","e97GVMl6JHh5Ml5qEDdSGa","f0BIwQ8D5Ml7nTNQbh1YlS","29FYIk+N1GYaeWH/q1NxQO","a2MjXRFdtLlYQ5ouAFv/+R","2aOaPypjBDcLZB8edylM6D","f3ZmA5ABBOSIXkWP1KfoH4"],["node","_spriteFrame","_textureSetter","root","capture","modifyDate","createDate","projectName","_N$target","data","_N$normalSprite","_N$pressedSprite","_N$hoverSprite","_N$disabledSprite"],[["cc.Node",["_name","_objFlags","_prefab","_contentSize","_components","_parent","_trs","_children","_color"],1,4,5,9,1,7,2,5],"cc.SpriteFrame",["cc.Widget",["_alignFlags","_top","_left","_right","alignMode","_horizontalCenter","node"],-3,1],["cc.Sprite",["_sizeMode","_isTrimmedMode","_type","node","_materials","_spriteFrame"],0,1,3,6],["cc.Node",["_name","_parent","_components","_prefab","_contentSize","_trs","_anchorPoint"],2,1,12,4,5,7,5],["cc.PrefabInfo",["fileId","root"],2,1],["cc.Label",["_string","_fontSize","_lineHeight","_styleFlags","_N$horizontalAlign","_N$verticalAlign","node","_materials"],-3,1,3],["cc.Prefab",["_name"],2],["cc.Node",["_name","_parent","_components","_prefab","_contentSize","_trs"],2,1,2,4,5,7],["46155cPJBpPVYKYAjyM6ObS",["node","projectName","createDate","modifyDate","capture"],3,1,1,1,1,1],["cc.Button",["zoomScale","_N$transition","node","clickEvents","_N$normalColor","_N$pressedColor","_N$disabledColor","_N$target","_N$normalSprite","_N$pressedSprite","_N$hoverSprite","_N$disabledSprite"],1,1,9,5,5,5,1,6,6,6,6],["cc.ClickEvent",["_componentId","handler","target"],1,1]],[[5,0,1,2],[2,0,2,6,3],[0,0,5,4,2,8,3,6,2],[3,0,1,3,4,5,3],[0,0,5,7,2,3,6,2],[4,0,1,2,3,4,6,5,2],[6,0,1,2,3,5,6,7,6],[7,0,2],[0,0,7,4,2,8,3,2],[0,0,5,7,4,2,3,6,2],[0,0,1,5,4,2,3,6,3],[4,0,1,2,3,4,5,2],[8,0,1,2,3,4,5,2],[9,0,1,2,3,4,1],[5,1,1],[10,0,1,2,3,4,5,6,7,8,9,10,11,3],[11,0,1,2,3],[2,0,3,1,6,4],[2,4,0,2,1,5,6,6],[3,2,0,3,4,5,3],[3,0,1,3,4,3],[6,0,1,2,3,4,6,7,6]],[[[{"name":"cloud-download-alt-solid","rect":[0,45,300,210],"offset":[0,0],"originalSize":[300,300],"capInsets":[0,0,0,0]}],[1],0,[0],[2],[2]],[[[7,"ShaderFXPrefabProjectInfo"],[8,"ShaderFXPrefabProjectInfo",[-7,-8,-9,-10,-11,-12],[[13,-6,-5,-4,-3,-2]],[14,-1],[4,4278190080],[5,300,250]],[9,"DownloadButton",1,[-16],[[15,1.1,3,-14,[[16,"46155cPJBpPVYKYAjyM6ObS","onDownload",1]],[4,4293322470],[4,4291348680],[4,3363338360],-13,12,13,14,15],[17,33,5,4.635999999999996,-15]],[0,"e7xNCO/vNGcJPQZ7CA1dhT",1],[5,20,20],[135,110.364,0,0,0,0,1,1,1,1]],[11,"projectName",1,[[-17,[18,2,9,3.3669999999999902,4.174999999999997,-97.723,-18]],1,4],[0,"fd7pHL0AFCXaclih7hUv/C",1],[5,489.1,100.8],[-97.72300000000001,110.745,0,0,0,0,1,0.2,0.2,1]],[4,"Node",1,[-19,-20],[0,"1fcFgbePFOxLHlm6X0U0QA",1],[5,142.752,30],[-68.951,-109.146,0,0,0,0,1,1,1,1]],[2,"icon",4,[[3,0,false,-21,[4],5],[1,8,-1.6359999999999957,-22]],[0,"b6wq5dHahNEp+IA23VmA6k",1],[4,4294957824],[5,20,20],[-63.012,0,0,0,0,0,1,1,1,1]],[5,"createDate",4,[[-23,[1,8,22.376000000000005,-24]],1,4],[0,"83NZ/rTqhDRp9Nmx8Edybi",1],[5,563.76,75.6],[0,0,0.5],[-49,-2,0,0,0,0,1,0.2,0.2,1]],[4,"Node",1,[-25,-26],[0,"6d793PIcRF/q4HcJx97KB0",1],[5,141.752,30],[77.944,-109.064,0,0,0,0,1,1,1,1]],[2,"icon copy",7,[[3,0,false,-27,[7],8],[1,8,-1.1850000000000023,-28]],[0,"86i47kta9AbJPrTUhI2ZLQ",1],[4,4294957824],[5,19,22],[-62.56100000000001,0,0,0,0,0,1,1,1,1]],[5,"modifyDate",7,[[-29,[1,8,20.019999999999996,-30]],1,4],[0,"07RZe5I2VBx62XFooW+xrg",1],[5,563.76,75.6],[0,0,0.5],[-50.85600000000001,-2,0,0,0,0,1,0.2,0.2,1]],[10,"Background",512,2,[[3,0,false,-31,[10],11]],[0,"3dY8nF8YBNs7/rk8Om8/yU",1],[5,20,20],[0,0,0,0,0,0,1,1,1,0]],[2,"Bg",1,[[19,1,0,-32,[0],1]],[0,"a1O9MxrtZJHLwmlQffsevN",1],[4,4280492835],[5,300,250],[-2.65,0,0,0,0,0,1,1,1,1]],[21,"ProjectName",80,80,1,1,3,[2]],[12,"Capture",1,[-33],[0,"c9rIQno81G1Lb+YvAiXxZO",1],[5,280,180],[-1.636,4.085,0,0,0,0,1,1,1,1]],[20,0,false,13,[3]],[6,"2021-01-01 00:00:00",60,60,1,1,6,[6]],[6,"2021-01-01 00:00:00",60,60,1,1,9,[9]]],0,[0,3,1,0,4,14,0,5,16,0,6,15,0,7,12,0,0,1,0,-1,11,0,-2,3,0,-3,13,0,-4,4,0,-5,7,0,-6,2,0,8,10,0,0,2,0,0,2,0,-1,10,0,-1,12,0,0,3,0,-1,5,0,-2,6,0,0,5,0,0,5,0,-1,15,0,0,6,0,-1,8,0,-2,9,0,0,8,0,0,8,0,-1,16,0,0,9,0,0,10,0,0,11,0,-1,14,0,9,1,33],[0,0,0,0,0,0,0,0,0,0,0,0,0,0,0,0,14],[-1,1,-1,-1,-1,1,-1,-1,1,-1,-1,1,10,11,12,13,1],[0,3,0,0,0,4,0,0,5,0,0,1,1,6,7,8,9]],[[{"name":"file-medical-solid","rect":[37,0,225,300],"offset":[-0.5,0],"originalSize":[300,300],"capInsets":[0,0,0,0]}],[1],0,[0],[2],[10]],[[{"name":"edit-solid","rect":[0,16,300,267],"offset":[0,0.5],"originalSize":[300,300],"capInsets":[0,0,0,0]}],[1],0,[0],[2],[11]]]]