[1,0,0,[["cc.JsonAsset",["_name","json"],1]],[[0,0,1,3]],[[0,"ColorHSV2RGBSample",{"name":"ColorHSV2RGBSample","panels":[{"name":"Output","x":"300.000","y":"0.000","id":1,"inputSlot":[],"outputSlot":[],"uniforms":{}},{"name":"MainTexture","x":"-408.000","y":"77.000","id":2,"inputSlot":[],"outputSlot":[{"index":0,"connections":[[3,1]]}],"uniforms":{"texture":{"filterMode":"Linear","wrapMode":"Clamp","packMode":"Unpack"}}},{"name":"TextureToRGBA","x":"-159.000","y":"121.000","id":3,"inputSlot":[],"outputSlot":[{"index":0,"connections":[[5,0]]}],"uniforms":{}},{"name":"ColorHSV2RGB","x":"21.000","y":"144.000","id":5,"inputSlot":[],"outputSlot":[{"index":0,"connections":[[1,0]]}],"uniforms":{}}],"groups":{}}]],0,0,[],[],[]]