[1,0,0,[["cc.JsonAsset",["_name","json"],1]],[[0,0,1,3]],[[0,"ImagePosterize",{"name":"ImagePosterize","name_zh":"色调分离","version":"1.0","description":{"en":"Return the posterized value of the input value into an amount of values specified by input Steps.","zh":"对时输入图像进行色调分离操作。"},"tags":["Core","Image","Color"],"input":[{"type":"vec4","name":"Color","info":{"en":"Input value","zh":"输入值"}},{"type":"vec4","name":"Steps","info":{"en":"Offset value","zh":"色调偏移值"}}],"output":[{"type":"vec4","name":"Color"},{"type":"vec3","name":"rgb","property":"rgb"}],"uniforms":{},"frags":{},"main":["vec4 main(vec4 Color, vec4 Steps) {","    return floor(Color / (1.0 / Steps)) * (1.0 / Steps);","}"]}]],0,0,[],[],[]]