[1,0,0,[["cc.JsonAsset",["_name","json"],1]],[[0,0,1,3]],[[0,"UVRotateRadiansSample",{"name":"UVRotateRadiansSample","panels":[{"name":"Output","x":"300.000","y":"0.000","id":1,"inputSlot":[],"outputSlot":[],"uniforms":{}},{"name":"MainTexture","x":"-419.000","y":"57.000","id":2,"inputSlot":[],"outputSlot":[{"index":0,"connections":[[3,1]]}],"uniforms":{"texture":{"filterMode":"Linear","wrapMode":"Clamp","packMode":"Unpack"}}},{"name":"TextureToRGBA","x":"-41.000","y":"-105.000","id":3,"inputSlot":[],"outputSlot":[{"index":0,"connections":[[1,0]]}],"uniforms":{}},{"name":"UV0","x":"-436.000","y":"170.000","id":4,"inputSlot":[],"outputSlot":[{"index":0,"connections":[[10,0]]}],"uniforms":{}},{"name":"Vec2","x":"-148.000","y":"97.000","id":7,"inputSlot":[],"outputSlot":[{"index":0,"connections":[[10,1]]}],"uniforms":{"u_x_7":"0.500","u_y_7":"0.500"}},{"name":"Float","x":"-143.000","y":"42.000","id":9,"inputSlot":[],"outputSlot":[{"index":0,"connections":[[10,2]]}],"uniforms":{"u_float_9":"17.860"}},{"name":"UVRotateRadians","x":"24.000","y":"167.000","id":10,"inputSlot":[],"outputSlot":[{"index":0,"connections":[[3,0]]}],"uniforms":{}}],"groups":{}}]],0,0,[],[],[]]