[1,0,0,[["cc.JsonAsset",["_name","json"],1]],[[0,0,1,3]],[[0,"UVSpherizeSample",{"name":"UVSpherizeSample","panels":[{"name":"Output","x":"300.000","y":"0.000","id":1,"inputSlot":[],"outputSlot":[],"uniforms":{}},{"name":"MainTexture","x":"-419.000","y":"57.000","id":2,"inputSlot":[],"outputSlot":[{"index":0,"connections":[[3,1]]}],"uniforms":{"texture":{"filterMode":"Linear","wrapMode":"Clamp","packMode":"Unpack"}}},{"name":"TextureToRGBA","x":"-41.000","y":"-105.000","id":3,"inputSlot":[],"outputSlot":[{"index":0,"connections":[[1,0]]}],"uniforms":{}},{"name":"UV0","x":"-436.000","y":"170.000","id":4,"inputSlot":[],"outputSlot":[{"index":0,"connections":[[12,0]]}],"uniforms":{}},{"name":"Vec2","x":"-242.000","y":"135.000","id":7,"inputSlot":[],"outputSlot":[{"index":0,"connections":[[12,1]]}],"uniforms":{"u_x_7":"0.500","u_y_7":"0.500"}},{"name":"Float","x":"-238.000","y":"84.000","id":9,"inputSlot":[],"outputSlot":[{"index":0,"connections":[[12,2]]}],"uniforms":{"u_float_9":"12.530"}},{"name":"UVSpherize","x":"-51.000","y":"214.000","id":12,"inputSlot":[],"outputSlot":[{"index":0,"connections":[[3,0]]}],"uniforms":{}},{"name":"Vec2","x":"-237.000","y":"30.000","id":13,"inputSlot":[],"outputSlot":[{"index":0,"connections":[[12,3]]}],"uniforms":{"u_x_13":"0.000","u_y_13":"0.000"}}],"groups":{}}]],0,0,[],[],[]]