[1,0,0,[["cc.JsonAsset",["_name","json"],1]],[[0,0,1,3]],[[0,"dFdxSample",{"name":"dFdxSample","panels":[{"name":"Output","x":"301.000","y":"0.000","id":1,"inputSlot":[],"outputSlot":[],"uniforms":{}},{"name":"MainTexture","x":"-397.000","y":"10.000","id":2,"inputSlot":[],"outputSlot":[{"index":0,"connections":[[3,1]]}],"uniforms":{"texture":{"filterMode":"Linear","wrapMode":"Clamp","packMode":"Unpack"}}},{"name":"TextureToRGBA","x":"-161.000","y":"88.000","id":3,"inputSlot":[],"outputSlot":[{"index":0,"connections":[[5,0]]}],"uniforms":{}},{"name":"UV0","x":"-401.000","y":"151.000","id":4,"inputSlot":[],"outputSlot":[{"index":0,"connections":[[3,0]]}],"uniforms":{}},{"name":"dFdx4","x":"45.000","y":"192.000","id":5,"inputSlot":[],"outputSlot":[{"index":0,"connections":[[1,0]]}],"uniforms":{}}],"groups":{}}]],0,0,[],[],[]]