[1,0,0,[["cc.JsonAsset",["_name","json"],1]],[[0,0,1,3]],[[0,"DegreesSample",{"name":"DegreesSample","panels":[{"name":"Output","x":"387.000","y":"69.000","id":1,"inputSlot":[],"outputSlot":[],"uniforms":{}},{"name":"MainTexture","x":"-590.000","y":"-306.000","id":2,"inputSlot":[],"outputSlot":[],"uniforms":{"texture":{"filterMode":"Linear","wrapMode":"Clamp","packMode":"Unpack"}}},{"name":"UV0","x":"-458.000","y":"181.000","id":25,"inputSlot":[],"outputSlot":[{"index":1,"connections":[[74,0]]}],"uniforms":{}},{"name":"DebugPlot","x":"99.000","y":"170.000","id":37,"inputSlot":[],"outputSlot":[{"index":0,"connections":[[1,0]]}],"uniforms":{"u_lineWidth_37":"0.02","u_lineColor_37":"00ff00ff"}},{"name":"Float","x":"-459.000","y":"-41.000","id":70,"inputSlot":[],"outputSlot":[{"index":0,"connections":[[74,1]]}],"uniforms":{"u_float_70":"90.000"}},{"name":"Div1","x":"-295.000","y":"99.000","id":74,"inputSlot":[],"outputSlot":[{"index":0,"connections":[[75,0]]}],"uniforms":{}},{"name":"Degrees1","x":"-75.000","y":"101.000","id":75,"inputSlot":[],"outputSlot":[{"index":0,"connections":[[37,0]]}],"uniforms":{}}],"groups":{}}]],0,0,[],[],[]]