[1,0,0,[["cc.JsonAsset",["_name","json"],1]],[[0,0,1,3]],[[0,"StepSample",{"name":"StepSample","panels":[{"name":"Output","x":"343.000","y":"41.000","id":1,"inputSlot":[],"outputSlot":[],"uniforms":{}},{"name":"MainTexture","x":"-590.000","y":"-306.000","id":2,"inputSlot":[],"outputSlot":[],"uniforms":{"texture":{"filterMode":"Linear","wrapMode":"Clamp","packMode":"Unpack"}}},{"name":"Step1","x":"-182.000","y":"88.000","id":24,"inputSlot":[],"outputSlot":[{"index":0,"connections":[[29,0]]}],"uniforms":{}},{"name":"UV0","x":"-444.000","y":"95.000","id":25,"inputSlot":[],"outputSlot":[{"index":1,"connections":[[24,0]]}],"uniforms":{}},{"name":"Float","x":"-452.000","y":"-59.000","id":26,"inputSlot":[],"outputSlot":[{"index":0,"connections":[[24,1]]}],"uniforms":{"u_float_26":"0.490"}},{"name":"DebugPlot","x":"32.000","y":"75.000","id":29,"inputSlot":[],"outputSlot":[{"index":0,"connections":[[1,0]]}],"uniforms":{"u_lineWidth_29":"0.02","u_lineColor_29":"00ff00ff"}}],"groups":{}}]],0,0,[],[],[]]