[1,0,0,[["cc.JsonAsset",["_name","json"],1]],[[0,0,1,3]],[[0,"SmoothStep3",{"name":"SmoothStep3","name_zh":"埃尔米特插值","version":"1.0","description":{"en":"Returns the result of a smooth Hermite interpolation between 0 and 1.","zh":"在Edge指定区间进行埃尔米特插值计算。"},"tags":["Core","Math"],"input":[{"type":"vec3","name":"Input","info":{"en":"Input value","zh":"输入值"}},{"type":"vec3","name":"EdgeMin","info":{"en":"Minimum step value","zh":"边界值下限"}},{"type":"vec3","name":"EdgeMax","info":{"en":"Maximum step value","zh":"边界值上限"}}],"output":[{"type":"vec3","name":"Output"}],"uniforms":{},"frags":{},"main":["vec3 main(vec3 Input, vec3 EdgeMin, vec3 EdgeMax) {","    return smoothstep(EdgeMin, EdgeMax, Input);","}"]}]],0,0,[],[],[]]