[1,0,0,[["cc.JsonAsset",["_name","json"],1]],[[0,0,1,3]],[[0,"Log22",{"name":"Log22","name_zh":"2底对数","version":"1.0","description":{"en":"Returns the logarithm (base-2) of input value.","zh":"返回以2为底数的对数。"},"tags":["Core","Math","Exponentiation"],"input":[{"type":"vec2","name":"Input","info":{"en":"Input value","zh":"输入值"}}],"output":[{"type":"vec2","name":"Output"}],"uniforms":{},"frags":{},"main":["vec2 main(vec2 Input) {","    return log2(Input);","}"]}]],0,0,[],[],[]]