[1,0,0,[["cc.JsonAsset",["_name","json"],1]],[[0,0,1,3]],[[0,"ChannelFlip",{"name":"ChannelFlip","name_zh":"通道反转","version":"1.0","description":{"en":"Flips the individual channels of input value.","zh":"对输入值的每个通道进行可选择的反转处理。"},"tags":["Core","Channel"],"input":[{"type":"vec4","name":"Color","info":{"en":"Input value","zh":"输入值"}}],"output":[{"type":"vec4","name":"Color"},{"type":"vec3","name":"rgb","property":"rgb"},{"type":"float","name":"r","property":"r"},{"type":"float","name":"g","property":"g"},{"type":"float","name":"b","property":"b"},{"type":"float","name":"a","property":"a"}],"uniforms":{"u_flipR":{"type":"bool","default":true,"info":{"en":"If true R channel will be flipped","zh":"是否需要反转 R 通道"}},"u_flipG":{"type":"bool","default":true,"info":{"en":"If true G channel will be flipped","zh":"是否需要反转 G 通道"}},"u_flipB":{"type":"bool","default":true,"info":{"en":"If true B channel will be flipped","zh":"是否需要反转 B 通道"}},"u_flipA":{"type":"bool","default":false,"info":{"en":"If true A channel will be flipped","zh":"是否需要反转 A 通道"}}},"frags":{},"main":["vec4 main(vec4 Color) {","    vec4 Flip = vec4(u_flipR, u_flipG, u_flipB, u_flipA);","    return vec4(Flip * -2.0 + 1.0) * Color;","}"]}]],0,0,[],[],[]]