[1,0,0,[["cc.JsonAsset",["_name","json"],1]],[[0,0,1,3]],[[0,"Vec3",{"name":"Vec3","name_zh":"三维向量","version":"1.0","description":{"en":"Returns a three-vector constant.","zh":"返回一个三维向量类型的常量值。"},"tags":["Core","Generator","Constant"],"input":[],"output":[{"type":"vec3","name":"Output"}],"uniforms":{"u_x":{"type":"float","min":-50,"max":50,"default":1,"info":{"en":"x component for output","zh":"输出值的 x 分量"}},"u_y":{"type":"float","min":-50,"max":50,"default":1,"info":{"en":"y component for output","zh":"输出值的 y 分量"}},"u_z":{"type":"float","min":-50,"max":50,"default":1,"info":{"en":"z component for output","zh":"输出值的 z 分量"}}},"frags":{},"main":["vec3 main() {","    return vec3(u_x, u_y, u_z);","}"]}]],0,0,[],[],[]]