[1,0,0,[["cc.JsonAsset",["_name","json"],1]],[[0,0,1,3]],[[0,"ColorMask",{"name":"ColorMask","name_zh":"色彩遮罩","version":"1.0","description":{"en":"Creates a mask from values in input In equal to input Mask Color.","zh":"根据输入值来创建遮罩效果。"},"tags":["Core","Color","Mask"],"input":[{"type":"vec4","name":"Color","info":{"en":"Input value","zh":"输入值"}},{"type":"vec4","name":"MaskColor","info":{"en":"Mask Color","zh":"遮罩颜色"}},{"type":"float","name":"Range","info":{"en":"Values around input Mask Color to create the mask. Colors within this range will return 1, otherwise the node will return 0","zh":"遮罩取值范围，小于该值返回 1，否则返回 0"}},{"type":"float","name":"Fuzziness","info":{"en":"Soften the edges around the selection similar to anti-aliasing","zh":"对临界值的判断进行模糊控制，达到类似边缘抗锯齿的效果"}}],"output":[{"type":"vec4","name":"Color"},{"type":"vec3","name":"rgb","property":"rgb"},{"type":"float","name":"r","property":"r"},{"type":"float","name":"g","property":"g"},{"type":"float","name":"b","property":"b"},{"type":"float","name":"a","property":"a"}],"uniforms":{},"frags":{},"main":["vec4 main (vec4 Color, vec4 MaskColor, float Range, float Fuzziness) {","   float Distance = distance(MaskColor, Color);","   return vec4(clamp(1.0 - (Distance - Range) / max(Fuzziness, 1e-5), 0.0, 1.0));","}"]}]],0,0,[],[],[]]