[1,0,0,[["cc.JsonAsset",["_name","json"],1]],[[0,0,1,3]],[[0,"ArccosineSample",{"name":"ArccosineSample","panels":[{"name":"Output","x":"387.000","y":"69.000","id":1,"inputSlot":[],"outputSlot":[],"uniforms":{}},{"name":"MainTexture","x":"-590.000","y":"-306.000","id":2,"inputSlot":[],"outputSlot":[],"uniforms":{"texture":{"filterMode":"Linear","wrapMode":"Clamp","packMode":"Unpack"}}},{"name":"UV0","x":"-458.000","y":"181.000","id":25,"inputSlot":[],"outputSlot":[{"index":1,"connections":[[65,0]]}],"uniforms":{}},{"name":"DebugPlot","x":"99.000","y":"170.000","id":37,"inputSlot":[],"outputSlot":[{"index":0,"connections":[[1,0]]}],"uniforms":{"u_lineWidth_37":"0.02","u_lineColor_37":"00ff00ff"}},{"name":"Arccosine1","x":"-153.000","y":"125.000","id":65,"inputSlot":[],"outputSlot":[{"index":0,"connections":[[37,0]]}],"uniforms":{"amplitude_65":"0.540","frequency_65":"0.990","phase_x_65":"0","phase_y_65":"0"}}],"groups":{}}]],0,0,[],[],[]]