[1,0,0,[["cc.JsonAsset",["_name","json"],1]],[[0,0,1,3]],[[0,"ShapeRectangleSample",{"name":"ShapeRectangleSample","panels":[{"name":"Output","x":"371.000","y":"4.000","id":1,"inputSlot":[],"outputSlot":[],"uniforms":{}},{"name":"MainTexture","x":"-482.000","y":"106.000","id":2,"inputSlot":[],"outputSlot":[],"uniforms":{"texture":{"filterMode":"Linear","wrapMode":"Clamp","packMode":"Unpack"}}},{"name":"1To4","x":"70.000","y":"136.000","id":15,"inputSlot":[],"outputSlot":[{"index":0,"connections":[[1,0]]}],"uniforms":{}},{"name":"Float","x":"-341.000","y":"9.000","id":17,"inputSlot":[],"outputSlot":[{"index":0,"connections":[[20,2]]}],"uniforms":{"u_float_17":"0.640"}},{"name":"Float","x":"-360.000","y":"97.000","id":18,"inputSlot":[],"outputSlot":[{"index":0,"connections":[[20,1]]}],"uniforms":{"u_float_18":"0.840"}},{"name":"ShapeRectangle","x":"-178.000","y":"161.000","id":20,"inputSlot":[],"outputSlot":[{"index":0,"connections":[[15,0]]}],"uniforms":{}}],"groups":{}}]],0,0,[],[],[]]