[1,0,0,[["cc.JsonAsset",["_name","json"],1]],[[0,0,1,3]],[[0,"NormalizeSample",{"name":"NormalizeSample","panels":[{"name":"Output","x":"393.000","y":"20.000","id":1,"inputSlot":[],"outputSlot":[],"uniforms":{}},{"name":"MainTexture","x":"-516.000","y":"-90.000","id":2,"inputSlot":[],"outputSlot":[],"uniforms":{"texture":{"filterMode":"Linear","wrapMode":"Clamp","packMode":"Unpack"}}},{"name":"UV0","x":"-460.000","y":"151.000","id":4,"inputSlot":[],"outputSlot":[{"index":0,"connections":[[18,0]]}],"uniforms":{}},{"name":"Normalize2","x":"-220.000","y":"161.000","id":18,"inputSlot":[],"outputSlot":[{"index":0,"connections":[[21,0]]}],"uniforms":{}},{"name":"4To4","x":"188.000","y":"124.000","id":20,"inputSlot":[],"outputSlot":[{"index":0,"connections":[[1,0]]}],"uniforms":{}},{"name":"Split2","x":"-4.000","y":"107.000","id":21,"inputSlot":[],"outputSlot":[{"index":1,"connections":[[20,0]]},{"index":2,"connections":[[20,1]]}],"uniforms":{}},{"name":"Float","x":"-10.000","y":"-40.000","id":22,"inputSlot":[],"outputSlot":[{"index":0,"connections":[[20,3]]}],"uniforms":{"u_float_22":"1"}}],"groups":{}}]],0,0,[],[],[]]