[1,0,0,[["cc.JsonAsset",["_name","json"],1]],[[0,0,1,3]],[[0,"Normalize4",{"name":"Normalize4","name_zh":"归一化","version":"1.0","description":{"en":"Returns the normalized vector of input.","zh":"对输入值进行归一化操作。"},"tags":["Core","Math","Vector"],"input":[{"type":"vec4","name":"Input","info":{"en":"First input value","zh":"第一个输入值"}}],"output":[{"type":"vec4","name":"Output"}],"uniforms":{},"frags":{},"main":["vec4 main(vec4 Input) {","    return normalize(Input);","}"]}]],0,0,[],[],[]]