[1,0,0,[["cc.JsonAsset",["_name","json"],1]],[[0,0,1,3]],[[0,"RotateAboutAxisSample",{"name":"RotateAboutAxisSample","panels":[{"name":"Output","x":"397.000","y":"-126.000","id":1,"inputSlot":[],"outputSlot":[],"uniforms":{}},{"name":"MainTexture","x":"-591.000","y":"-234.000","id":2,"inputSlot":[],"outputSlot":[],"uniforms":{"texture":{"filterMode":"Linear","wrapMode":"Clamp","packMode":"Unpack"}}},{"name":"UV0","x":"-493.000","y":"164.000","id":4,"inputSlot":[],"outputSlot":[{"index":1,"connections":[[26,0]]},{"index":2,"connections":[[26,1]]}],"uniforms":{}},{"name":"Vec3","x":"-287.000","y":"83.000","id":21,"inputSlot":[],"outputSlot":[{"index":0,"connections":[[29,1]]}],"uniforms":{"u_x_21":"1.000","u_y_21":"1.000","u_z_21":"1.000"}},{"name":"Split3","x":"-17.000","y":"188.000","id":24,"inputSlot":[],"outputSlot":[{"index":1,"connections":[[25,0]]},{"index":2,"connections":[[25,1]]}],"uniforms":{}},{"name":"2To2","x":"176.000","y":"126.000","id":25,"inputSlot":[],"outputSlot":[{"index":0,"connections":[[31,0]]}],"uniforms":{}},{"name":"3To3","x":"-262.000","y":"196.000","id":26,"inputSlot":[],"outputSlot":[{"index":0,"connections":[[29,0]]}],"uniforms":{}},{"name":"Float","x":"-417.000","y":"53.000","id":27,"inputSlot":[],"outputSlot":[{"index":0,"connections":[[26,2]]}],"uniforms":{"u_float_27":"1.010"}},{"name":"RotateAboutAxis","x":"-149.000","y":"84.000","id":29,"inputSlot":[],"outputSlot":[{"index":0,"connections":[[24,0]]}],"uniforms":{}},{"name":"Float","x":"-303.000","y":"4.000","id":30,"inputSlot":[],"outputSlot":[{"index":0,"connections":[[29,2]]}],"uniforms":{"u_float_30":"1.300"}},{"name":"Split2","x":"-302.000","y":"-76.000","id":31,"inputSlot":[],"outputSlot":[{"index":1,"connections":[[32,0]]},{"index":2,"connections":[[32,1]]}],"uniforms":{}},{"name":"4To4","x":"-17.000","y":"-68.000","id":32,"inputSlot":[],"outputSlot":[{"index":0,"connections":[[1,0]]}],"uniforms":{}},{"name":"Float","x":"-175.000","y":"-160.000","id":33,"inputSlot":[],"outputSlot":[{"index":0,"connections":[[32,3]]}],"uniforms":{"u_float_33":"1"}}],"groups":{}}]],0,0,[],[],[]]