[1,0,0,[["cc.JsonAsset",["_name","json"],1]],[[0,0,1,3]],[[0,"SmoothStepSample",{"name":"SmoothStepSample","panels":[{"name":"Output","x":"343.000","y":"41.000","id":1,"inputSlot":[],"outputSlot":[],"uniforms":{}},{"name":"MainTexture","x":"-590.000","y":"-306.000","id":2,"inputSlot":[],"outputSlot":[],"uniforms":{"texture":{"filterMode":"Linear","wrapMode":"Clamp","packMode":"Unpack"}}},{"name":"UV0","x":"-426.000","y":"161.000","id":25,"inputSlot":[],"outputSlot":[{"index":1,"connections":[[29,0]]}],"uniforms":{}},{"name":"Float","x":"-449.000","y":"-2.000","id":26,"inputSlot":[],"outputSlot":[{"index":0,"connections":[[29,1]]}],"uniforms":{"u_float_26":"0.100"}},{"name":"SmoothStep1","x":"-217.000","y":"103.000","id":29,"inputSlot":[],"outputSlot":[{"index":0,"connections":[[34,0]]}],"uniforms":{}},{"name":"Float","x":"-449.000","y":"-63.000","id":30,"inputSlot":[],"outputSlot":[{"index":0,"connections":[[29,2]]}],"uniforms":{"u_float_30":"0.900"}},{"name":"DebugPlot","x":"27.000","y":"134.000","id":34,"inputSlot":[],"outputSlot":[{"index":0,"connections":[[1,0]]}],"uniforms":{"u_lineWidth_34":"0.02","u_lineColor_34":"00ff00ff"}}],"groups":{}}]],0,0,[],[],[]]