[1,0,0,[["cc.JsonAsset",["_name","json"],1]],[[0,0,1,3]],[[0,"Pow2",{"name":"Pow2","name_zh":"次方值","version":"1.0","description":{"en":"Returns the result of input A to the power of input B.","zh":"返回输入值的 A^B 次方值。"},"tags":["Core","Math","Exponentiation"],"input":[{"type":"vec2","name":"InputA","info":{"en":"First input value","zh":"第一个输入值"}},{"type":"vec2","name":"InputB","info":{"en":"Second input value","zh":"第二个输入值"}}],"output":[{"type":"vec2","name":"Output"}],"uniforms":{},"frags":{},"main":["vec2 main(vec2 InputA, vec2 InputB) {","    return pow(InputA, InputB);","}"]}]],0,0,[],[],[]]