[1,0,0,[["cc.JsonAsset",["_name","json"],1]],[[0,0,1,3]],[[0,"ProjectionSample",{"name":"ProjectionSample","panels":[{"name":"Output","x":"393.000","y":"20.000","id":1,"inputSlot":[],"outputSlot":[],"uniforms":{}},{"name":"MainTexture","x":"-618.000","y":"-299.000","id":2,"inputSlot":[],"outputSlot":[],"uniforms":{"texture":{"filterMode":"Linear","wrapMode":"Clamp","packMode":"Unpack"}}},{"name":"UV0","x":"-432.000","y":"143.000","id":4,"inputSlot":[],"outputSlot":[{"index":0,"connections":[[17,0]]}],"uniforms":{}},{"name":"Vec2","x":"-384.000","y":"-20.000","id":16,"inputSlot":[],"outputSlot":[{"index":0,"connections":[[17,1]]}],"uniforms":{"u_x_16":"0.580","u_y_16":"0.320"}},{"name":"Projection2","x":"-229.000","y":"91.000","id":17,"inputSlot":[],"outputSlot":[{"index":0,"connections":[[18,0]]}],"uniforms":{}},{"name":"Split2","x":"-58.000","y":"123.000","id":18,"inputSlot":[],"outputSlot":[{"index":1,"connections":[[19,0]]},{"index":2,"connections":[[19,1]]}],"uniforms":{}},{"name":"4To4","x":"140.000","y":"128.000","id":19,"inputSlot":[],"outputSlot":[{"index":0,"connections":[[1,0]]}],"uniforms":{}},{"name":"Float","x":"20.000","y":"-49.000","id":22,"inputSlot":[],"outputSlot":[{"index":0,"connections":[[19,3]]}],"uniforms":{"u_float_22":"1"}}],"groups":{}}]],0,0,[],[],[]]