[1,0,0,[["cc.JsonAsset",["_name","json"],1]],[[0,0,1,3]],[[0,"TruncSample",{"name":"TruncSample","panels":[{"name":"Output","x":"343.000","y":"41.000","id":1,"inputSlot":[],"outputSlot":[],"uniforms":{}},{"name":"MainTexture","x":"-590.000","y":"-306.000","id":2,"inputSlot":[],"outputSlot":[],"uniforms":{"texture":{"filterMode":"Linear","wrapMode":"Clamp","packMode":"Unpack"}}},{"name":"UV0","x":"-454.000","y":"162.000","id":25,"inputSlot":[],"outputSlot":[{"index":1,"connections":[[39,0]]}],"uniforms":{}},{"name":"Float","x":"-466.000","y":"-90.000","id":26,"inputSlot":[],"outputSlot":[{"index":0,"connections":[[39,1]]}],"uniforms":{"u_float_26":"1.000"}},{"name":"DebugPlot","x":"91.000","y":"122.000","id":37,"inputSlot":[],"outputSlot":[{"index":0,"connections":[[1,0]]}],"uniforms":{"u_lineWidth_37":"0.02","u_lineColor_37":"00ff00ff"}},{"name":"Trunc1","x":"-106.000","y":"73.000","id":38,"inputSlot":[],"outputSlot":[{"index":0,"connections":[[37,0]]}],"uniforms":{}},{"name":"Sub1","x":"-302.000","y":"52.000","id":39,"inputSlot":[],"outputSlot":[{"index":0,"connections":[[38,0]]}],"uniforms":{}}],"groups":{}}]],0,0,[],[],[]]