[1,0,0,[["cc.JsonAsset",["_name","json"],1]],[[0,0,1,3]],[[0,"ColorLinear2RGBSample",{"name":"ColorLinear2RGBSample","panels":[{"name":"Output","x":"340.000","y":"14.000","id":1,"inputSlot":[],"outputSlot":[],"uniforms":{}},{"name":"MainTexture","x":"-408.000","y":"77.000","id":2,"inputSlot":[],"outputSlot":[{"index":0,"connections":[[3,1]]}],"uniforms":{"texture":{"filterMode":"Linear","wrapMode":"Clamp","packMode":"Unpack"}}},{"name":"TextureToRGBA","x":"-159.000","y":"121.000","id":3,"inputSlot":[],"outputSlot":[{"index":0,"connections":[[6,0]]}],"uniforms":{}},{"name":"ColorLinear2RGB","x":"46.000","y":"138.000","id":6,"inputSlot":[],"outputSlot":[{"index":0,"connections":[[1,0]]}],"uniforms":{}}],"groups":{}}]],0,0,[],[],[]]