[1,0,0,[["cc.JsonAsset",["_name","json"],1]],[[0,0,1,3]],[[0,"RoundSample",{"name":"RoundSample","panels":[{"name":"Output","x":"343.000","y":"41.000","id":1,"inputSlot":[],"outputSlot":[],"uniforms":{}},{"name":"MainTexture","x":"-590.000","y":"-306.000","id":2,"inputSlot":[],"outputSlot":[],"uniforms":{"texture":{"filterMode":"Linear","wrapMode":"Clamp","packMode":"Unpack"}}},{"name":"UV0","x":"-477.000","y":"161.000","id":25,"inputSlot":[],"outputSlot":[{"index":1,"connections":[[43,0]]}],"uniforms":{}},{"name":"Float","x":"-476.000","y":"-70.000","id":26,"inputSlot":[],"outputSlot":[{"index":0,"connections":[[43,1]]}],"uniforms":{"u_float_26":"1.540"}},{"name":"DebugPlot","x":"52.000","y":"147.000","id":37,"inputSlot":[],"outputSlot":[{"index":0,"connections":[[1,0]]}],"uniforms":{"u_lineWidth_37":"0.02","u_lineColor_37":"00ff00ff"}},{"name":"Round1","x":"-145.000","y":"98.000","id":42,"inputSlot":[],"outputSlot":[{"index":0,"connections":[[37,0]]}],"uniforms":{}},{"name":"Mul1","x":"-330.000","y":"98.000","id":43,"inputSlot":[],"outputSlot":[{"index":0,"connections":[[42,0]]}],"uniforms":{}}],"groups":{}}]],0,0,[],[],[]]