[1,0,0,[["cc.JsonAsset",["_name","json"],1]],[[0,0,1,3]],[[0,"ShapeRoundedRectangleSample",{"name":"ShapeRoundedRectangleSample","panels":[{"name":"Output","x":"371.000","y":"4.000","id":1,"inputSlot":[],"outputSlot":[],"uniforms":{}},{"name":"MainTexture","x":"-482.000","y":"106.000","id":2,"inputSlot":[],"outputSlot":[],"uniforms":{"texture":{"filterMode":"Linear","wrapMode":"Clamp","packMode":"Unpack"}}},{"name":"ShapeRoundedRectangle","x":"-162.000","y":"89.000","id":14,"inputSlot":[],"outputSlot":[{"index":0,"connections":[[15,0]]}],"uniforms":{}},{"name":"1To4","x":"70.000","y":"136.000","id":15,"inputSlot":[],"outputSlot":[{"index":0,"connections":[[1,0]]}],"uniforms":{}},{"name":"Float","x":"-343.000","y":"-51.000","id":16,"inputSlot":[],"outputSlot":[{"index":0,"connections":[[14,3]]}],"uniforms":{"u_float_16":"0.040"}},{"name":"Float","x":"-334.000","y":"24.000","id":17,"inputSlot":[],"outputSlot":[{"index":0,"connections":[[14,2]]}],"uniforms":{"u_float_17":"0.640"}},{"name":"Float","x":"-338.000","y":"74.000","id":18,"inputSlot":[],"outputSlot":[{"index":0,"connections":[[14,1]]}],"uniforms":{"u_float_18":"0.840"}}],"groups":{}}]],0,0,[],[],[]]