[1,["ecpdLyjvZBwrvm+cedCcQy","c2GAZk2wpGhaLAsA5Vhxko","87Px0Te+RI/5KnfI/VoWcG","8dGeWZ72dPs7hukZ+HnayV","c8nj8UOMtD0L51xk25gn3L","7b9V39qZ5I/rPEkdJwRmmz"],["node","_spriteFrame","_textureSetter","root","propertyUI","propertyValue","propertyName","data","_parent","_N$file"],[["cc.Node",["_name","_objFlags","_prefab","_contentSize","_trs","_children","_components","_parent","_anchorPoint"],1,4,5,7,2,9,1,5],["cc.Node",["_name","_active","_objFlags","_components","_prefab","_contentSize","_trs","_parent","_children","_anchorPoint"],0,2,4,5,7,1,2,5],"cc.SpriteFrame",["cc.Layout",["_resize","_N$layoutType","_N$spacingX","_N$affectedByScale","node","_layoutSize"],-1,1,5],["cc.PrefabInfo",["fileId","root"],2,1],["cc.Sprite",["_sizeMode","_isTrimmedMode","node","_materials","_spriteFrame"],1,1,3,6],["cc.Label",["_string","_fontSize","_lineHeight","_N$horizontalAlign","_N$verticalAlign","_styleFlags","_isSystemFontUsed","node","_materials"],-4,1,3],["cc.Prefab",["_name"],2],["a6d1aP31+NOyZYBoQesQxb5",["node","propertyName","propertyValue","propertyUI"],3,1,1,1,1],["cc.Widget",["_alignFlags","_left","node"],1,1],["cc.Toggle",["zoomScale","_N$transition","node","_N$normalColor","_N$target","checkMark","checkEvents"],1,1,5,1,1,9],["cc.ClickEvent",["_componentId","handler","target"],1,1]],[[4,0,1,2],[7,0,2],[0,0,5,6,2,3,4,2],[0,0,7,5,6,2,3,8,4,2],[0,0,7,5,2,3,4,2],[0,0,1,7,6,2,3,4,3],[1,0,8,3,4,5,6,2],[1,0,7,3,4,5,6,2],[1,0,1,7,3,4,5,9,6,3],[1,0,2,7,3,4,5,3],[3,0,1,4,5,3],[3,0,1,2,3,4,5,5],[8,0,1,2,3,1],[4,1,1],[9,0,1,2,3],[5,2,3,4,1],[5,0,1,2,3,3],[6,0,1,2,5,3,4,7,8,7],[6,0,1,2,6,3,4,7,8,7],[10,0,1,2,3,4,5,6,3],[11,0,1,2,3]],[[[[1,"ShaderFXPrefabUniformToggle"],[2,"ShaderFXPrefabUniform",[-7],[[10,1,2,-2,[5,140,22]],[12,-6,-5,-4,-3]],[13,-1],[5,140,22],[0,-35.5,0,0,0,0,1,1,1,1]],[3,"kv",1,[-10,-11],[[11,1,1,5,true,-8,[5,134.3425,22]],[14,10,5,-9]],[0,"c77wT/uA9DY6/BygdV2V/z",1],[5,134.3425,22],[0,0,0.5],[-65,0,0,0,0,0,1,1,1,1]],[6,"Toggle",[-13,-14],[-12],[0,"13UlT+Qi9MJIGEUJLN/Gp9",1],[5,28,28],[3.853,-1.927,0,0,0,0,1,1,1,1]],[4,"value",2,[-15,3],[0,"d9jUiYOjxKa7xbVQsH5H14",1],[5,80,12],[94.3425,0,0,0,0,0,1,1,1,1]],[5,"Background",512,3,[[15,-16,[2],3]],[0,"d84AOmUT5BrJ00nIndbnMF",1],[5,15,16],[0,0,0,0,0,0,1,1,1,0]],[7,"name",2,[-17],[0,"6bRMhbK01FMpcUHeAUO94R",1],[5,197.37,60.48],[24.67125,0,0,0,0,0,1,0.25,0.25,1]],[17,"intensity",48,48,1,1,1,6,[0]],[8,"value",false,4,[-18],[0,"31B6tlduNP9aBwat2gmXnK",1],[5,33,12],[0,0,0.5],[-38.223,-1.081,0,0,0,0,1,1,1,1]],[18,"99.99",12,12,false,1,1,8,[1]],[9,"checkmark",512,3,[-19],[0,"feOyWuiyxIEI6OrDklq2es",1],[5,11,11]],[16,2,false,10,[4]],[19,1.1,3,3,[4,4292269782],5,11,[[20,"a6d1aP31+NOyZYBoQesQxb5","onValueChanged",1]]]],0,[0,3,1,0,0,1,0,4,12,0,5,9,0,6,7,0,0,1,0,-1,2,0,0,2,0,0,2,0,-1,6,0,-2,4,0,-1,12,0,-1,5,0,-2,10,0,-1,8,0,0,5,0,-1,7,0,-1,9,0,-1,11,0,7,1,3,8,4,19],[0,0,0,0,0,9,11],[-1,-1,-1,1,-1,9,1],[0,0,0,1,0,2,3]],[[{"name":"Checkbox - Checked","rect":[0,0,11,11],"offset":[0,0],"originalSize":[11,11],"capInsets":[0,0,0,0]}],[2],0,[0],[2],[4]],[[{"name":"Checkbox - Inactive","rect":[0,0,15,16],"offset":[0,0],"originalSize":[15,16],"capInsets":[0,0,0,0]}],[2],0,[0],[2],[5]]]]