[1,0,0,[["cc.JsonAsset",["_name","json"],1]],[[0,0,1,3]],[[0,"Arctangent24",{"name":"Arctangent24","name_zh":"反正切","version":"1.0","description":{"en":"Returns the arctangent of the values of both input A and input B.","zh":"对输入值取反正切操作。"},"tags":["Core","Math","Trigonometric"],"input":[{"type":"vec4","name":"InputA","info":{"en":"First input value","zh":"第一个输入值"}},{"type":"vec4","name":"InputB","info":{"en":"Second input value","zh":"第二个输入值"}}],"output":[{"type":"vec4","name":"Output"}],"uniforms":{},"frags":{},"main":["vec4 main(vec4 InputA, vec4 InputB) {","    return atan(InputA, InputB);","}"]}]],0,0,[],[],[]]