[1,0,0,[["cc.JsonAsset",["_name","json"],1]],[[0,0,1,3]],[[0,"Dot4",{"name":"Dot4","name_zh":"点积","version":"1.0","description":{"en":"Returns the dot product of the two input vectors.","zh":"返回两个输入值的点积。"},"tags":["Core","Math","Vector"],"input":[{"type":"vec4","name":"InputA","info":{"en":"First input value","zh":"第一个输入值"}},{"type":"vec4","name":"InputB","info":{"en":"Second input value","zh":"第二个输入值"}}],"output":[{"type":"float","name":"Output"}],"uniforms":{},"frags":{},"main":["float main(vec4 InputA, vec4 InputB) {","    return dot(InputA, InputB);","}"]}]],0,0,[],[],[]]