[1,0,0,[["cc.JsonAsset",["_name","json"],1]],[[0,0,1,3]],[[0,"RadiansSample",{"name":"RadiansSample","panels":[{"name":"Output","x":"387.000","y":"69.000","id":1,"inputSlot":[],"outputSlot":[],"uniforms":{}},{"name":"MainTexture","x":"-590.000","y":"-306.000","id":2,"inputSlot":[],"outputSlot":[],"uniforms":{"texture":{"filterMode":"Linear","wrapMode":"Clamp","packMode":"Unpack"}}},{"name":"UV0","x":"-458.000","y":"181.000","id":25,"inputSlot":[],"outputSlot":[{"index":1,"connections":[[72,0]]}],"uniforms":{}},{"name":"DebugPlot","x":"99.000","y":"170.000","id":37,"inputSlot":[],"outputSlot":[{"index":0,"connections":[[1,0]]}],"uniforms":{"u_lineWidth_37":"0.02","u_lineColor_37":"00ff00ff"}},{"name":"Float","x":"-459.000","y":"-41.000","id":70,"inputSlot":[],"outputSlot":[{"index":0,"connections":[[72,1]]}],"uniforms":{"u_float_70":"90.000"}},{"name":"Mul1","x":"-284.000","y":"105.000","id":72,"inputSlot":[],"outputSlot":[{"index":0,"connections":[[73,0]]}],"uniforms":{}},{"name":"Radians1","x":"-105.000","y":"112.000","id":73,"inputSlot":[],"outputSlot":[{"index":0,"connections":[[37,0]]}],"uniforms":{}}],"groups":{}}]],0,0,[],[],[]]