[1,0,0,[["cc.JsonAsset",["_name","json"],1]],[[0,0,1,3]],[[0,"UVAnimationFrame",{"name":"UVAnimationFrame","name_zh":"动画帧","version":"1.0","description":{"en":"Returns UV of an animation frame in a texture sheet.","zh":"使用输入UV和参数计算出帧动画纹理图片中的某一帧图片的纹理坐标。"},"tags":["Core","UV"],"input":[{"type":"vec2","name":"UV","info":{"en":"UV input value","zh":"UV 输入值"}},{"type":"float","name":"Width","info":{"en":"Amount of horizontal frames","zh":"水平帧数"}},{"type":"float","name":"Height","info":{"en":"Amount of vertical frames","zh":"垂直帧数"}},{"type":"float","name":"Index","info":{"en":"Current tile index","zh":"当前帧数序号"}}],"output":[{"type":"vec2","name":"UV"},{"type":"float","name":"x","property":"x"},{"type":"float","name":"y","property":"y"}],"uniforms":{"u_invertX":{"type":"bool","default":false,"info":{"en":"If enabled indexs are iterated from right to left","zh":"是否下标计算从右到左"}},"u_invertY":{"type":"bool","default":false,"info":{"en":"If enabled indexs are iterated from top to bottom","zh":"是否下标计算从上到下"}}},"frags":{},"main":["vec2 main (vec2 UV, float Width, float Height, float Index) {","    vec2 Invert = vec2(u_invertX, u_invertY);","    Index = mod(Index, Width * Height);","    vec2 tileCount = vec2(1.0, 1.0) / vec2(Width, Height);","    float tileY = abs(Invert.y * Height - (floor(Index * tileCount.x) + Invert.y * 1.0));","    float tileX = abs(Invert.x * Width - ((Index - Width * floor(Index * tileCount.x)) + Invert.x * 1.0));","    return (UV + vec2(tileX, tileY)) * tileCount;","}"]}]],0,0,[],[],[]]