[1,0,0,[["cc.JsonAsset",["_name","json"],1]],[[0,0,1,3]],[[0,"Dot2",{"name":"Dot2","name_zh":"点积","version":"1.0","description":{"en":"Returns the dot product of the two input vectors.","zh":"返回两个输入值的点积。"},"tags":["Core","Math","Vector"],"input":[{"type":"vec2","name":"InputA","info":{"en":"First input value","zh":"第一个输入值"}},{"type":"vec2","name":"InputB","info":{"en":"Second input value","zh":"第二个输入值"}}],"output":[{"type":"float","name":"Output"}],"uniforms":{},"frags":{},"main":["float main(vec2 InputA, vec2 InputB) {","    return dot(InputA, InputB);","}"]}]],0,0,[],[],[]]