[1,0,0,[["cc.JsonAsset",["_name","json"],1]],[[0,0,1,3]],[[0,"UVOffsetSample",{"name":"UVOffsetSample","panels":[{"name":"Output","x":"317.000","y":"-55.000","id":1,"inputSlot":[],"outputSlot":[],"uniforms":{}},{"name":"MainTexture","x":"-419.000","y":"57.000","id":2,"inputSlot":[],"outputSlot":[{"index":0,"connections":[[3,1]]}],"uniforms":{"texture":{"filterMode":"Linear","wrapMode":"Repeat","packMode":"Unpack"}}},{"name":"TextureToRGBA","x":"-41.000","y":"-105.000","id":3,"inputSlot":[],"outputSlot":[{"index":0,"connections":[[1,0]]}],"uniforms":{}},{"name":"UV0","x":"-436.000","y":"170.000","id":4,"inputSlot":[],"outputSlot":[{"index":0,"connections":[[15,0]]}],"uniforms":{}},{"name":"Vec2","x":"-236.000","y":"86.000","id":7,"inputSlot":[],"outputSlot":[{"index":0,"connections":[[15,1]]}],"uniforms":{"u_x_7":"1.310","u_y_7":"2.000"}},{"name":"UVOffset","x":"10.000","y":"159.000","id":15,"inputSlot":[],"outputSlot":[{"index":0,"connections":[[3,0]]}],"uniforms":{}}],"groups":{}}]],0,0,[],[],[]]