[1,0,0,[["cc.JsonAsset",["_name","json"],1]],[[0,0,1,3]],[[0,"WaveTriangle3",{"name":"WaveTriangle3","name_zh":"三角波","version":"1.0","description":{"en":"Returns a triangle wave from the input value.","zh":"使用输入值生成三角波。"},"tags":["Core","Noise","Random","Generator","Wave"],"input":[{"type":"vec3","name":"Input","info":{"en":"Input value","zh":"输入值"}}],"output":[{"type":"vec3","name":"Output"}],"uniforms":{},"frags":{},"main":["vec3 main (vec3 Input) {","    return 2.0 * abs(2.0 * (Input - floor(0.5 + Input))) - 1.0;","}"]}]],0,0,[],[],[]]