[1,0,0,[["cc.JsonAsset",["_name","json"],1]],[[0,0,1,3]],[[0,"ClampSample",{"name":"ClampSample","panels":[{"name":"Output","x":"344.000","y":"79.000","id":1,"inputSlot":[],"outputSlot":[],"uniforms":{}},{"name":"MainTexture","x":"-466.000","y":"-15.000","id":2,"inputSlot":[],"outputSlot":[],"uniforms":{"texture":{"filterMode":"Linear","wrapMode":"Repeat","packMode":"Unpack"}}},{"name":"UV0","x":"-470.000","y":"181.000","id":15,"inputSlot":[],"outputSlot":[{"index":1,"connections":[[18,0]]}],"uniforms":{}},{"name":"Clamp1","x":"-103.000","y":"121.000","id":18,"inputSlot":[],"outputSlot":[{"index":0,"connections":[[22,0]]}],"uniforms":{}},{"name":"Vec2","x":"-436.000","y":"41.000","id":19,"inputSlot":[],"outputSlot":[{"index":0,"connections":[[20,0]]}],"uniforms":{"u_x_19":"0.380","u_y_19":"0.640"}},{"name":"Split2","x":"-277.000","y":"69.000","id":20,"inputSlot":[],"outputSlot":[{"index":1,"connections":[[18,1]]},{"index":2,"connections":[[18,2]]}],"uniforms":{}},{"name":"DebugPlot","x":"92.000","y":"102.000","id":22,"inputSlot":[],"outputSlot":[{"index":0,"connections":[[1,0]]}],"uniforms":{"u_lineWidth_22":"0.02","u_lineColor_22":"00ff00ff"}}],"groups":{}}]],0,0,[],[],[]]