[1,0,0,[["cc.JsonAsset",["_name","json"],1]],[[0,0,1,3]],[[0,"2To2",{"name":"2To2","name_zh":"","version":"1.0","description":{"en":"Convert two seperate float to vec2.","zh":"将两个浮点数转为一个2维向量。"},"tags":["Core","Convert"],"input":[{"type":"float","name":"InputA","info":{"en":"First input value","zh":"第一个输入值"}},{"type":"float","name":"InputB","info":{"en":"Second input value","zh":"第二个输入值"}}],"output":[{"type":"vec2","name":"Output"}],"uniforms":{},"frags":{},"main":["vec2 main(float InputA, float InputB) {","    return vec2(InputA, InputB);","}"]}]],0,0,[],[],[]]