[1,0,0,[["cc.JsonAsset",["_name","json"],1]],[[0,0,1,3]],[[0,"SplitSample",{"name":"SplitSample","panels":[{"name":"Output","x":"391.000","y":"-12.000","id":1,"inputSlot":[],"outputSlot":[],"uniforms":{}},{"name":"MainTexture","x":"-443.000","y":"34.000","id":2,"inputSlot":[],"outputSlot":[{"index":0,"connections":[[6,1]]}],"uniforms":{"texture":{"filterMode":"Linear","wrapMode":"Clamp","packMode":"Unpack"}}},{"name":"Split4","x":"-76.000","y":"99.000","id":5,"inputSlot":[],"outputSlot":[{"index":3,"connections":[[7,0]]}],"uniforms":{}},{"name":"TextureToRGBA","x":"-295.000","y":"179.000","id":6,"inputSlot":[],"outputSlot":[{"index":0,"connections":[[5,0]]}],"uniforms":{}},{"name":"1To4","x":"123.000","y":"33.000","id":7,"inputSlot":[],"outputSlot":[{"index":0,"connections":[[1,0]]}],"uniforms":{}}],"groups":{}}]],0,0,[],[],[]]