[1,0,0,[["cc.JsonAsset",["_name","json"],1]],[[0,0,1,3]],[[0,"Sine3",{"name":"Sine3","name_zh":"正弦","version":"1.0","description":{"en":"Returns the sine of input value.","zh":"对输入值取正弦操作。"},"tags":["Core","Math","Trigonometric"],"input":[{"type":"vec3","name":"Input","info":{"en":"Input value","zh":"输入值"}}],"output":[{"type":"vec3","name":"Output"}],"uniforms":{"u_amplitude":{"type":"float","default":1,"info":{"en":"The amplitude value","zh":"振幅"}},"u_frequency":{"type":"float","default":1,"info":{"en":"The frequency value","zh":"频率"}},"u_phaseX":{"type":"float","default":0,"info":{"en":"The horizontal phase value","zh":"横向位移"}},"u_phaseY":{"type":"float","default":0,"info":{"en":"The vertical phase value","zh":"纵向位移"}}},"frags":{},"main":["vec3 main(vec3 Input) {","    return u_amplitude * sin(Input * u_frequency + u_phaseX) + u_phaseY;","}"]}]],0,0,[],[],[]]