[1,0,0,[["cc.JsonAsset",["_name","json"],1]],[[0,0,1,3]],[[0,"Reflection2",{"name":"Reflection2","name_zh":"反射","version":"1.0","description":{"en":"Returns a vector that points in the direction of reflection.","zh":"根据输入值和一个法向量值返回反射向量。"},"tags":["Core","Math","Vector"],"input":[{"type":"vec2","name":"Input","info":{"en":"Input value","zh":"输入值"}},{"type":"vec2","name":"Normal","info":{"en":"Normal vector","zh":"法向量"}}],"output":[{"type":"vec2","name":"Output"}],"uniforms":{},"frags":{},"main":["vec2 main(vec2 Input, vec2 Normal) {","    return reflect(Input, Normal);","}"]}]],0,0,[],[],[]]