[1,0,0,[["cc.JsonAsset",["_name","json"],1]],[[0,0,1,3]],[[0,"LogSample",{"name":"LogSample","panels":[{"name":"Output","x":"387.000","y":"69.000","id":1,"inputSlot":[],"outputSlot":[],"uniforms":{}},{"name":"MainTexture","x":"-590.000","y":"-306.000","id":2,"inputSlot":[],"outputSlot":[],"uniforms":{"texture":{"filterMode":"Linear","wrapMode":"Clamp","packMode":"Unpack"}}},{"name":"UV0","x":"-458.000","y":"181.000","id":25,"inputSlot":[],"outputSlot":[{"index":1,"connections":[[56,0]]}],"uniforms":{}},{"name":"DebugPlot","x":"117.000","y":"171.000","id":37,"inputSlot":[],"outputSlot":[{"index":0,"connections":[[1,0]]}],"uniforms":{"u_lineWidth_37":"0.02","u_lineColor_37":"00ff00ff"}},{"name":"Mul1","x":"-288.000","y":"76.000","id":56,"inputSlot":[],"outputSlot":[{"index":0,"connections":[[59,0]]}],"uniforms":{}},{"name":"Float","x":"-457.000","y":"-32.000","id":57,"inputSlot":[],"outputSlot":[{"index":0,"connections":[[56,1]]}],"uniforms":{"u_float_57":"4.000"}},{"name":"Log1","x":"-86.000","y":"142.000","id":59,"inputSlot":[],"outputSlot":[{"index":0,"connections":[[37,0]]}],"uniforms":{}}],"groups":{}}]],0,0,[],[],[]]