[1,0,0,[["cc.JsonAsset",["_name","json"],1]],[[0,0,1,3]],[[0,"UVTwirl",{"name":"UVTwirl","name_zh":"漩涡化","version":"1.0","description":{"en":"Applies a twirl warping effect similar to a black hole to the input value UV.","zh":"将输入的纹理坐标进行漩涡化特效处理。"},"tags":["Core","UV "],"input":[{"type":"vec2","name":"UV","info":{"en":"UV input value","zh":"UV 输入值"}},{"type":"vec2","name":"Center","info":{"en":"Center reference point","zh":"中心点"}},{"type":"float","name":"Strength","info":{"en":"Strength of the effect","zh":"特效强度"}},{"type":"vec2","name":"Offset","info":{"en":"Individual channel offsets","zh":"偏移值"}}],"output":[{"type":"vec2","name":"UV"},{"type":"float","name":"x","property":"x"},{"type":"float","name":"y","property":"y"}],"uniforms":{},"frags":{},"main":["vec2 main (vec2 UV, vec2 Center, float Strength, vec2 Offset) {","    vec2 delta = UV - Center;","    float angle = Strength * length(delta);","    float x = cos(angle) * delta.x - sin(angle) * delta.y;","    float y = sin(angle) * delta.x + cos(angle) * delta.y;","    return vec2(x + Center.x + Offset.x, y + Center.y + Offset.y);","}"]}]],0,0,[],[],[]]