[1,0,0,[["cc.JsonAsset",["_name","json"],1]],[[0,0,1,3]],[[0,"2To2Sample",{"name":"2To2Sample","panels":[{"name":"Output","x":"391.000","y":"-12.000","id":1,"inputSlot":[],"outputSlot":[],"uniforms":{}},{"name":"MainTexture","x":"-443.000","y":"34.000","id":2,"inputSlot":[],"outputSlot":[{"index":0,"connections":[[6,1]]}],"uniforms":{"texture":{"filterMode":"Linear","wrapMode":"Clamp","packMode":"Unpack"}}},{"name":"TextureToRGBA","x":"-41.000","y":"52.000","id":6,"inputSlot":[],"outputSlot":[{"index":0,"connections":[[1,0]]}],"uniforms":{}},{"name":"2To2","x":"-236.000","y":"155.000","id":14,"inputSlot":[],"outputSlot":[{"index":0,"connections":[[6,0]]}],"uniforms":{}},{"name":"UV0","x":"-434.000","y":"161.000","id":15,"inputSlot":[],"outputSlot":[{"index":1,"connections":[[14,1]]},{"index":2,"connections":[[14,0]]}],"uniforms":{}}],"groups":{}}]],0,0,[],[],[]]