[1,0,0,[["cc.JsonAsset",["_name","json"],1]],[[0,0,1,3]],[[0,"Mix1",{"name":"Mix1","name_zh":"线性插值混合","version":"1.0","description":{"en":"Returns the result of linearly interpolating between input A and input B by input T.","zh":"在AB之间进行插值计算，Percent 表示混合的比例。"},"tags":["Core","Math"],"input":[{"type":"float","name":"InputA","info":{"en":"First input value","zh":"第一个输入值"}},{"type":"float","name":"InputB","info":{"en":"Second input value","zh":"第二个输入值"}},{"type":"float","name":"Percent","info":{"en":"The value of input Percent is clamped to the range of 0 to 1","zh":"混合比例，取值范围在 [0, 1]，为0时返回 A 的值，为1时返回B的值"}}],"output":[{"type":"float","name":"Output"}],"uniforms":{},"frags":{},"main":["float main(float InputA, float InputB, float Percent) {","    return mix(InputA, InputB, Percent);","}"]}]],0,0,[],[],[]]