[1,0,0,[["cc.JsonAsset",["_name","json"],1]],[[0,0,1,3]],[[0,"ChannelSwizzle2",{"name":"ChannelSwizzle2","name_zh":"通道重组","version":"1.0","description":{"en":"Creates a new vector from the reordered (reverted) elements of the input vector","zh":"对输出参数的通道进行拆分重组后(倒序)输出。"},"tags":["Core","Channel"],"input":[{"type":"vec2","name":"Input","info":{"en":"Input value","zh":"输入值"}}],"output":[{"type":"vec2","name":"Output"}],"uniforms":{},"frags":{},"main":["vec2 main(vec2 Input) {","    return Input.yx;","}"]}]],0,0,[],[],[]]