[1,0,0,[["cc.JsonAsset",["_name","json"],1]],[[0,0,1,3]],[[0,"Vec2",{"name":"Vec2","name_zh":"二维向量","version":"1.0","description":{"en":"Returns a two-vector constant.","zh":"返回一个二维向量类型的常量值。"},"tags":["Core","Generator","Constant"],"input":[],"output":[{"type":"vec2","name":"Output"}],"uniforms":{"u_x":{"type":"float","min":-50,"max":50,"default":1,"info":{"en":"x component for output","zh":"输出值的 x 分量"}},"u_y":{"type":"float","min":-50,"max":50,"default":1,"info":{"en":"y component for output","zh":"输出值的 y 分量"}}},"frags":{},"main":["vec2 main() {","    return vec2(u_x, u_y);","}"]}]],0,0,[],[],[]]