[1,0,0,[["cc.JsonAsset",["_name","json"],1]],[[0,0,1,3]],[[0,"UFloat",{"name":"UFloat","name_zh":"浮点数","version":"1.0","description":{"en":"Returns a float uniform.","zh":"返回一个浮点数变量值。"},"tags":["Core","Generator","Uniform"],"input":[],"output":[{"type":"float","name":"Output"}],"uniforms":{"u_float":{"type":"float","min":-10,"max":10,"default":1,"info":{"en":"Float for output","zh":"输出浮点数"}}},"frags":{},"main":["float main() {","    return u_float;","}"]}]],0,0,[],[],[]]