[1,0,0,[["cc.JsonAsset",["_name","json"],1]],[[0,0,1,3]],[[0,"Arcsine4",{"name":"Arcsine4","name_zh":"反正弦","version":"1.0","description":{"en":"Returns the arcsine of input value.","zh":"对输入值取反正弦操作。"},"tags":["Core","Math","Trigonometric"],"input":[{"type":"vec4","name":"Input","info":{"en":"Input value","zh":"输入值"}}],"output":[{"type":"vec4","name":"Output"}],"uniforms":{},"frags":{},"main":["vec4 main(vec4 Input) {","    return asin(Input);","}"]}]],0,0,[],[],[]]