[1,0,0,[["cc.JsonAsset",["_name","json"],1]],[[0,0,1,3]],[[0,"1To2Sample",{"name":"1To2Sample","panels":[{"name":"Output","x":"391.000","y":"-12.000","id":1,"inputSlot":[],"outputSlot":[],"uniforms":{}},{"name":"MainTexture","x":"-443.000","y":"34.000","id":2,"inputSlot":[],"outputSlot":[{"index":0,"connections":[[6,1]]}],"uniforms":{"texture":{"filterMode":"Linear","wrapMode":"Clamp","packMode":"Unpack"}}},{"name":"TextureToRGBA","x":"39.000","y":"55.000","id":6,"inputSlot":[],"outputSlot":[{"index":0,"connections":[[1,0]]}],"uniforms":{}},{"name":"1To2","x":"-274.000","y":"178.000","id":8,"inputSlot":[],"outputSlot":[{"index":0,"connections":[[6,0]]}],"uniforms":{}},{"name":"UV0","x":"-453.000","y":"177.000","id":9,"inputSlot":[],"outputSlot":[{"index":1,"connections":[[8,0]]}],"uniforms":{}}],"groups":{}}]],0,0,[],[],[]]