[1,0,0,[["cc.JsonAsset",["_name","json"],1]],[[0,0,1,3]],[[0,"InverseSqrt3",{"name":"InverseSqrt3","name_zh":"平方根倒数","version":"1.0","description":{"en":"Returns the result of 1 divided by the square root of the input value.","zh":"返回输入值的平方根倒数。"},"tags":["Core","Math","Exponentiation"],"input":[{"type":"vec3","name":"Input","info":{"en":"Input value","zh":"输入值"}}],"output":[{"type":"vec3","name":"Output"}],"uniforms":{},"frags":{},"main":["vec3 main(vec3 Input) {","    return inversesqrt(Input);","}"]}]],0,0,[],[],[]]