[1,0,0,[["cc.JsonAsset",["_name","json"],1]],[[0,0,1,3]],[[0,"Distance3",{"name":"Distance3","name_zh":"距离","version":"1.0","description":{"en":"Returns the euclidean distance between the values of the inputs A and B.","zh":"返回两个输入值的欧氏距离。"},"tags":["Core","Math","Vector"],"input":[{"type":"vec3","name":"InputA","info":{"en":"First input value","zh":"第一个输入值"}},{"type":"vec3","name":"InputB","info":{"en":"Second input value","zh":"第二个输入值"}}],"output":[{"type":"float","name":"Output"}],"uniforms":{},"frags":{},"main":["float main(vec3 InputA, vec3 InputB) {","    return distance(InputA, InputB);","}"]}]],0,0,[],[],[]]