[1,0,0,[["cc.JsonAsset",["_name","json"],1]],[[0,0,1,3]],[[0,"ColorLinear2RGB",{"name":"ColorLinear2RGB","name_zh":"线性RGB转RGB","version":"1.0","description":{"en":"Converts the input value from Linear RGB colorspace to RGB.","zh":"将输入值从线性RGB色彩空间转换到RGB色彩空间。"},"tags":["Core","Color","Convert"],"input":[{"type":"vec4","name":"Color","info":{"en":"Input value","zh":"输入值"}}],"output":[{"type":"vec4","name":"Color"},{"type":"vec3","name":"rgb","property":"rgb"},{"type":"float","name":"r","property":"r"},{"type":"float","name":"g","property":"g"},{"type":"float","name":"b","property":"b"},{"type":"float","name":"a","property":"a"}],"uniforms":{},"frags":{},"main":["vec4 main (vec4 Color) {","    vec3 sRGBLo = Color.rgb * 12.92;","    vec3 sRGBHi = (pow(max(abs(Color.rgb), 1.192092896e-07), vec3(1.0 / 2.4, 1.0 / 2.4, 1.0 / 2.4)) * 1.055) - 0.055;","    return vec4( ","        Color.r <= 0.0031308 ? sRGBLo.r : sRGBHi.r, ","        Color.g <= 0.0031308 ? sRGBLo.g : sRGBHi.g, ","        Color.b <= 0.0031308 ? sRGBLo.b : sRGBHi.b, ","        Color.a","    );","}"]}]],0,0,[],[],[]]