[1,0,0,[["cc.JsonAsset",["_name","json"],1]],[[0,0,1,3]],[[0,"Exp21",{"name":"Exp21","name_zh":"2底指数","version":"1.0","description":{"en":"Returns 2 to the power of input value.","zh":"返回2为底的指数值。"},"tags":["Core","Math","Exponentiation"],"input":[{"type":"float","name":"Input","info":{"en":"Input value","zh":"输入值"}}],"output":[{"type":"float","name":"Output"}],"uniforms":{},"frags":{},"main":["float main(float Input) {","    return exp2(Input);","}"]}]],0,0,[],[],[]]