[1,0,0,[["cc.JsonAsset",["_name","json"],1]],[[0,0,1,3]],[[0,"Log1",{"name":"Log1","name_zh":"e底对数","version":"1.0","description":{"en":"Returns the logarithm (base-e) of input value.","zh":"返回以e为底数的对数。"},"tags":["Core","Math","Exponentiation"],"input":[{"type":"float","name":"Input","info":{"en":"Input value","zh":"输入值"}}],"output":[{"type":"float","name":"Output"}],"uniforms":{},"frags":{},"main":["float main(float Input) {","    return log(Input);","}"]}]],0,0,[],[],[]]