[1,0,0,[["cc.JsonAsset",["_name","json"],1]],[[0,0,1,3]],[[0,"ImageGrayScale",{"name":"ImageGrayScale","name_zh":"灰度图","version":"1.0","description":{"en":"Convert the input image to a grayscale image.","zh":"将输入图像转换为灰度图。"},"tags":["Core","Image","Color"],"input":[{"type":"vec4","name":"Color","info":{"en":"Input value","zh":"输入值"}}],"output":[{"type":"vec4","name":"Color"},{"type":"vec3","name":"rgb","property":"rgb"}],"uniforms":{},"frags":{},"main":["vec4 main(vec4 Color)","{","   float gray = 0.2126 * Color.r + 0.7152 * Color.g + 0.0722 * Color.b;","   return vec4(gray, gray, gray, Color.a);","}"]}]],0,0,[],[],[]]