[1,0,0,[["cc.JsonAsset",["_name","json"],1]],[[0,0,1,3]],[[0,"Ceil2",{"name":"Ceil2","name_zh":"向上取整","version":"1.0","description":{"en":"Returns the smallest number that is larger or equal to input value.","zh":"对输入值进行向上取整操作。"},"tags":["Core","Math","Round"],"input":[{"type":"vec2","name":"Input","info":{"en":"Input value","zh":"输入值"}}],"output":[{"type":"vec2","name":"Output"}],"uniforms":{},"frags":{},"main":["vec2 main(vec2 Input) {","    return ceil(Input);","}"]}]],0,0,[],[],[]]