[1,0,0,[["cc.JsonAsset",["_name","json"],1]],[[0,0,1,3]],[[0,"Reciprocal1",{"name":"Reciprocal1","name_zh":"倒数","version":"1.0","description":{"en":"Return the multiplicative inverse of input value.","zh":"对输入值进行取倒数操作 (1 / 输入值)。"},"tags":["Core","Math"],"input":[{"type":"float","name":"Input","info":{"en":"Input value","zh":"输入值"}}],"output":[{"type":"float","name":"Output"}],"uniforms":{},"frags":{},"main":["float main(float Input) {","    return (1.0 / Input);","}"]}]],0,0,[],[],[]]