[1,0,0,[["cc.JsonAsset",["_name","json"],1]],[[0,0,1,3]],[[0,"Projection2",{"name":"Projection2","name_zh":"投影","version":"1.0","description":{"en":"Returns the result of projecting the input value A onto a straight line parallel to the input value B.","zh":"返回输入值A在输入值B方向上的投影。"},"tags":["Core","Math","Vector"],"input":[{"type":"vec2","name":"InputA","info":{"en":"First input value","zh":"第一个输入值"}},{"type":"vec2","name":"InputB","info":{"en":"Second input value","zh":"第二个输入值"}}],"output":[{"type":"vec2","name":"Output"}],"uniforms":{},"frags":{},"main":["vec2 main(vec2 InputA, vec2 InputB) {","    return InputB * dot(InputA, InputB) / dot(InputB, InputB);","}"]}]],0,0,[],[],[]]