[1,0,0,[["cc.JsonAsset",["_name","json"],1]],[[0,0,1,3]],[[0,"31To4",{"name":"31To4","name_zh":"","version":"1.0","description":{"en":"Convert one vec3 and float to vec4.","zh":"将一个3维向量和一个浮点数转为一个4维向量。"},"tags":["Core","Convert"],"input":[{"type":"vec3","name":"InputA","info":{"en":"First input value","zh":"第一个输入值"}},{"type":"float","name":"InputB","info":{"en":"Second input value","zh":"第二个输入值"}}],"output":[{"type":"vec4","name":"Output"}],"uniforms":{},"frags":{},"main":["vec4 main(vec3 InputA, float InputB) {","    return vec4(InputA, InputB);","}"]}]],0,0,[],[],[]]