[1,0,0,[["cc.JsonAsset",["_name","json"],1]],[[0,0,1,3]],[[0,"WaveSawtooth1",{"name":"WaveSawtooth1","name_zh":"锯齿波","version":"1.0","description":{"en":"Returns a sawtooth wave from the input value.","zh":"使用输入值生成锯齿波。"},"tags":["Core","Noise","Random","Generator","Wave"],"input":[{"type":"float","name":"Input","info":{"en":"Input value","zh":"输入值"}}],"output":[{"type":"float","name":"Output"}],"uniforms":{},"frags":{},"main":["float main (float Input) {","    return 2.0 * (Input - floor(0.5 + Input));","}"]}]],0,0,[],[],[]]