[1,0,0,[["cc.JsonAsset",["_name","json"],1]],[[0,0,1,3]],[[0,"Max3",{"name":"Max3","name_zh":"取最大值","version":"1.0","description":{"en":"Return the maximum of the two input values.","zh":"返回两个输入值中较大的数。"},"tags":["Core","Math","Range"],"input":[{"type":"vec3","name":"InputA","info":{"en":"First input value","zh":"输第一个入值"}},{"type":"vec3","name":"InputB","info":{"en":"Second input value","zh":"第二个输入值"}}],"output":[{"type":"vec3","name":"Output"}],"uniforms":{},"frags":{},"main":["vec3 main(vec3 InputA, vec3 InputB) {","    return max(InputA, InputB);","}"]}]],0,0,[],[],[]]