[1,0,0,[["cc.JsonAsset",["_name","json"],1]],[[0,0,1,3]],[[0,"RejectionSample",{"name":"RejectionSample","panels":[{"name":"Output","x":"393.000","y":"20.000","id":1,"inputSlot":[],"outputSlot":[],"uniforms":{}},{"name":"MainTexture","x":"-618.000","y":"-299.000","id":2,"inputSlot":[],"outputSlot":[],"uniforms":{"texture":{"filterMode":"Linear","wrapMode":"Clamp","packMode":"Unpack"}}},{"name":"UV0","x":"-432.000","y":"143.000","id":4,"inputSlot":[],"outputSlot":[{"index":0,"connections":[[25,0]]}],"uniforms":{}},{"name":"Vec2","x":"-384.000","y":"-20.000","id":16,"inputSlot":[],"outputSlot":[{"index":0,"connections":[[25,1]]}],"uniforms":{"u_x_16":"-1.000","u_y_16":"-1.000"}},{"name":"Split2","x":"-67.000","y":"151.000","id":18,"inputSlot":[],"outputSlot":[{"index":1,"connections":[[19,0]]},{"index":2,"connections":[[19,1]]}],"uniforms":{}},{"name":"4To4","x":"140.000","y":"128.000","id":19,"inputSlot":[],"outputSlot":[{"index":0,"connections":[[1,0]]}],"uniforms":{}},{"name":"Float","x":"20.000","y":"-49.000","id":22,"inputSlot":[],"outputSlot":[{"index":0,"connections":[[19,3]]}],"uniforms":{"u_float_22":"1"}},{"name":"Rejection2","x":"-237.000","y":"118.000","id":25,"inputSlot":[],"outputSlot":[{"index":0,"connections":[[18,0]]}],"uniforms":{}}],"groups":{}}]],0,0,[],[],[]]