[1,0,0,[["cc.JsonAsset",["_name","json"],1]],[[0,0,1,3]],[[0,"Max4",{"name":"Max4","name_zh":"取最大值","version":"1.0","description":{"en":"Return the maximum of the two input values.","zh":"返回两个输入值中较大的数。"},"tags":["Core","Math","Range"],"input":[{"type":"vec4","name":"InputA","info":{"en":"First input value","zh":"输第一个入值"}},{"type":"vec4","name":"InputB","info":{"en":"Second input value","zh":"第二个输入值"}}],"output":[{"type":"vec4","name":"Output"}],"uniforms":{},"frags":{},"main":["vec4 main(vec4 InputA, vec4 InputB) {","    return max(InputA, InputB);","}"]}]],0,0,[],[],[]]