[1,0,0,[["cc.JsonAsset",["_name","json"],1]],[[0,0,1,3]],[[0,"ShapeEllipseSample",{"name":"ShapeEllipseSample","panels":[{"name":"Output","x":"371.000","y":"4.000","id":1,"inputSlot":[],"outputSlot":[],"uniforms":{}},{"name":"MainTexture","x":"-482.000","y":"106.000","id":2,"inputSlot":[],"outputSlot":[],"uniforms":{"texture":{"filterMode":"Linear","wrapMode":"Clamp","packMode":"Unpack"}}},{"name":"1To4","x":"70.000","y":"136.000","id":15,"inputSlot":[],"outputSlot":[{"index":0,"connections":[[1,0]]}],"uniforms":{}},{"name":"Float","x":"-334.000","y":"24.000","id":17,"inputSlot":[],"outputSlot":[{"index":0,"connections":[[19,2]]}],"uniforms":{"u_float_17":"0.640"}},{"name":"Float","x":"-338.000","y":"74.000","id":18,"inputSlot":[],"outputSlot":[{"index":0,"connections":[[19,1]]}],"uniforms":{"u_float_18":"1.170"}},{"name":"ShapeEllipse","x":"-118.000","y":"112.000","id":19,"inputSlot":[],"outputSlot":[{"index":0,"connections":[[15,0]]}],"uniforms":{}}],"groups":{}}]],0,0,[],[],[]]