[1,0,0,[["cc.JsonAsset",["_name","json"],1]],[[0,0,1,3]],[[0,"Clamp3",{"name":"Clamp3","name_zh":"限制","version":"1.0","description":{"en":"Returns the input value clamped between Min and Max.","zh":"对输入值进行 [Min, Max] 区间的限制操作。"},"tags":["Core","Math","Range"],"input":[{"type":"vec3","name":"Input","info":{"en":"Input value","zh":"输入值"}},{"type":"vec3","name":"Min","info":{"en":"Minimum value","zh":"最小值"}},{"type":"vec3","name":"Max","info":{"en":"Maximum value","zh":"最大值"}}],"output":[{"type":"vec3","name":"Output"}],"uniforms":{},"frags":{},"main":["vec3 main(vec3 Input, vec3 Min, vec3 Max) {","    return clamp(Input, Min, Max);","}"]}]],0,0,[],[],[]]