[1,0,0,[["cc.JsonAsset",["_name","json"],1]],[[0,0,1,3]],[[0,"ColorHSV2LinearSample",{"name":"ColorHSV2LinearSample","panels":[{"name":"Output","x":"340.000","y":"14.000","id":1,"inputSlot":[],"outputSlot":[],"uniforms":{}},{"name":"MainTexture","x":"-408.000","y":"77.000","id":2,"inputSlot":[],"outputSlot":[{"index":0,"connections":[[3,1]]}],"uniforms":{"texture":{"filterMode":"Linear","wrapMode":"Clamp","packMode":"Unpack"}}},{"name":"TextureToRGBA","x":"-159.000","y":"121.000","id":3,"inputSlot":[],"outputSlot":[{"index":0,"connections":[[8,0]]}],"uniforms":{}},{"name":"ColorHSV2Linear","x":"50.000","y":"147.000","id":8,"inputSlot":[],"outputSlot":[{"index":0,"connections":[[1,0]]}],"uniforms":{}}],"groups":{}}]],0,0,[],[],[]]