[1,0,0,[["cc.JsonAsset",["_name","json"],1]],[[0,0,1,3]],[[0,"Color4GradientsSample",{"name":"Color4GradientsSample","panels":[{"name":"Output","x":"343.000","y":"41.000","id":1,"inputSlot":[],"outputSlot":[],"uniforms":{}},{"name":"MainTexture","x":"-560.714","y":"-249.143","id":2,"inputSlot":[],"outputSlot":[],"uniforms":{"texture":{"filterMode":"Linear","wrapMode":"Clamp","packMode":"Unpack"}}},{"name":"Color4Gradients","x":"28.000","y":"97.000","id":48,"inputSlot":[],"outputSlot":[{"index":0,"connections":[[1,0]]}],"uniforms":{}},{"name":"Color","x":"-209.000","y":"135.000","id":49,"inputSlot":[],"outputSlot":[{"index":0,"connections":[[48,1]]}],"uniforms":{"u_rgba_49":"ff0000ff"}},{"name":"Color","x":"-406.000","y":"-114.000","id":50,"inputSlot":[],"outputSlot":[{"index":0,"connections":[[48,4]]}],"uniforms":{"u_rgba_50":"ffffffff"}},{"name":"Color","x":"-345.000","y":"-20.000","id":51,"inputSlot":[],"outputSlot":[{"index":0,"connections":[[48,3]]}],"uniforms":{"u_rgba_51":"0b08ffff"}},{"name":"Color","x":"-286.000","y":"56.000","id":52,"inputSlot":[],"outputSlot":[{"index":0,"connections":[[48,2]]}],"uniforms":{"u_rgba_52":"00ff00ff"}}],"groups":{}}]],0,0,[],[],[]]