[1,0,0,[["cc.JsonAsset",["_name","json"],1]],[[0,0,1,3]],[[0,"UVTilingAndOffsetSample",{"name":"UVTilingAndOffsetSample","panels":[{"name":"Output","x":"300.000","y":"0.000","id":1,"inputSlot":[],"outputSlot":[],"uniforms":{}},{"name":"MainTexture","x":"-419.000","y":"57.000","id":2,"inputSlot":[],"outputSlot":[{"index":0,"connections":[[3,1]]}],"uniforms":{"texture":{"filterMode":"Linear","wrapMode":"Repeat","packMode":"Unpack"}}},{"name":"TextureToRGBA","x":"-41.000","y":"-105.000","id":3,"inputSlot":[],"outputSlot":[{"index":0,"connections":[[1,0]]}],"uniforms":{}},{"name":"UV0","x":"-436.000","y":"170.000","id":4,"inputSlot":[],"outputSlot":[{"index":0,"connections":[[14,0]]}],"uniforms":{}},{"name":"Vec2","x":"-242.000","y":"134.000","id":7,"inputSlot":[],"outputSlot":[{"index":0,"connections":[[14,1]]}],"uniforms":{"u_x_7":"2.000","u_y_7":"2.000"}},{"name":"Vec2","x":"-237.000","y":"30.000","id":13,"inputSlot":[],"outputSlot":[{"index":0,"connections":[[14,2]]}],"uniforms":{"u_x_13":"-0.020","u_y_13":"0.000"}},{"name":"UVTilingAndOffset","x":"-13.000","y":"226.000","id":14,"inputSlot":[],"outputSlot":[{"index":0,"connections":[[3,0]]}],"uniforms":{}}],"groups":{}}]],0,0,[],[],[]]