[1,0,0,[["cc.JsonAsset",["_name","json"],1]],[[0,0,1,3]],[[0,"UVec4",{"name":"UVec4","name_zh":"四维向量","version":"1.0","description":{"en":"Returns a four-vector uniform.","zh":"返回一个四维向量类型的变量值。"},"tags":["Core","Generator","Uniform"],"input":[],"output":[{"type":"vec4","name":"Output"}],"uniforms":{"u_xyzw":{"type":"vec4","default":"1.00,1.00,1.00,1.00","info":{"en":"xyz component for output","zh":"输出值的 xyzw 分量"}}},"frags":{},"main":["vec4 main() {","    return u_xyzw;","}"]}]],0,0,[],[],[]]