[1,0,0,[["cc.JsonAsset",["_name","json"],1]],[[0,0,1,3]],[[0,"Fract3",{"name":"Fract3","name_zh":"取小数","version":"1.0","description":{"en":"Returns the fractional part of input value.","zh":"返回输入值的小数部分。"},"tags":["Core","Math","Range"],"input":[{"type":"vec3","name":"Input","info":{"en":"Input value","zh":"输入值"}}],"output":[{"type":"vec3","name":"Output"}],"uniforms":{},"frags":{},"main":["vec3 main(vec3 Input) {","    return fract(Input);","}"]}]],0,0,[],[],[]]