[1,0,0,[["cc.JsonAsset",["_name","json"],1]],[[0,0,1,3]],[[0,"Rejection2",{"name":"Rejection2","name_zh":"剔除","version":"1.0","description":{"en":"Returns the result of the projection of the input value A to the input value B.","zh":"从A向量中剔除B向量方向上的分量。"},"tags":["Core","Math","Vector"],"input":[{"type":"vec2","name":"InputA","info":{"en":"First input value","zh":"第一个输入值"}},{"type":"vec2","name":"InputB","info":{"en":"Second input value","zh":"第二个输入值"}}],"output":[{"type":"vec2","name":"Output"}],"uniforms":{},"frags":{},"main":["vec2 main(vec2 InputA, vec2 InputB) {","    return InputA - (InputB * dot(InputA, InputB) / dot(InputB, InputB));","}"]}]],0,0,[],[],[]]