[1,0,0,[["cc.JsonAsset",["_name","json"],1]],[[0,0,1,3]],[[0,"Cosine2",{"name":"Cosine2","name_zh":"余弦","version":"1.0","description":{"en":"Returns the cosine of input value.","zh":"对输入值取余弦操作。"},"tags":["Core","Math","Trigonometric"],"input":[{"type":"vec2","name":"Input","info":{"en":"Input value","zh":"输入值"}}],"output":[{"type":"vec2","name":"Output"}],"uniforms":{"u_amplitude":{"type":"float","default":1,"info":{"en":"The amplitude value","zh":"振幅"}},"u_frequency":{"type":"float","default":1,"info":{"en":"The frequency value","zh":"频率"}},"u_phaseX":{"type":"float","default":0,"info":{"en":"The horizontal phase value","zh":"横向位移"}},"u_phaseY":{"type":"float","default":0,"info":{"en":"The vertical phase value","zh":"纵向位移"}}},"frags":{},"main":["vec2 main(vec2 Input) {","    return u_amplitude * cos(Input * u_frequency + u_phaseX) + u_phaseY;","}"]}]],0,0,[],[],[]]