[1,0,0,[["cc.JsonAsset",["_name","json"],1]],[[0,0,1,3]],[[0,"Degrees4",{"name":"Degrees4","name_zh":"求角度","version":"1.0","description":{"en":"Converts radians to degrees.","zh":"将输入的弧度值转换为角度值。"},"tags":["Core","Math","Trigonometric"],"input":[{"type":"vec4","name":"Input","info":{"en":"Input value","zh":"输入值"}}],"output":[{"type":"vec4","name":"Output"}],"uniforms":{},"frags":{},"main":["vec4 main(vec4 Input) {","    return degrees(Input);","}"]}]],0,0,[],[],[]]