[1,0,0,[["cc.JsonAsset",["_name","json"],1]],[[0,0,1,3]],[[0,"Cross",{"name":"Cross","name_zh":"叉积","version":"1.0","description":{"en":"Returns the cross product of the values of the inputs A and B.","zh":"返回两个输入值的叉积。"},"tags":["Core","Math","Vector"],"input":[{"type":"vec3","name":"InputA","info":{"en":"First input value","zh":"第一个输入值"}},{"type":"vec3","name":"InputB","info":{"en":"Second input value","zh":"第二个输入值"}}],"output":[{"type":"vec3","name":"Output"}],"uniforms":{},"frags":{},"main":["vec3 main(vec3 InputA, vec3 InputB) {","    return cross(InputA, InputB);","}"]}]],0,0,[],[],[]]