[1,0,0,[["cc.JsonAsset",["_name","json"],1]],[[0,0,1,3]],[[0,"UVOffset",{"name":"UVOffset","name_zh":"偏移","version":"1.0","description":{"en":"Offsets the input value UV.","zh":"将输入的纹理坐标进行偏移操作。"},"tags":["Core","UV "],"input":[{"type":"vec2","name":"UV","info":{"en":"UV input value","zh":"UV 输入值"}},{"type":"vec2","name":"Offset","info":{"en":"Amount of offset","zh":"偏移值"}}],"output":[{"type":"vec2","name":"UV"},{"type":"float","name":"x","property":"x"},{"type":"float","name":"y","property":"y"}],"uniforms":{},"frags":{},"main":["vec2 main(vec2 UV, vec2 Offset) {","    return UV + Offset;","}"]}]],0,0,[],[],[]]