[1,0,0,[["cc.JsonAsset",["_name","json"],1]],[[0,0,1,3]],[[0,"Modulo1",{"name":"Modulo1","name_zh":"取模","version":"1.0","description":{"en":"Returns input modulo divisor (the remainder of the division of input by divisor).","zh":"对输入值进行取模操作。"},"tags":["Core","Math"],"input":[{"type":"float","name":"InputA","info":{"en":"First input value","zh":"第一个输入值"}},{"type":"float","name":"InputB","info":{"en":"Second input value","zh":"第二个输入值"}}],"output":[{"type":"float","name":"Output"}],"uniforms":{},"frags":{},"main":["float main(float InputA, float InputB) {","    return mod(InputA, InputB);","}"]}]],0,0,[],[],[]]