[1,0,0,[["cc.JsonAsset",["_name","json"],1]],[[0,0,1,3]],[[0,"Sign2",{"name":"Sign2","name_zh":"正负判断","version":"1.0","description":{"en":"Returns 1.0 when x is positive, 0.0 when x is zero and -1.0 when x is negative.","zh":"当输入值为正时返回 1，其余情况返回 0。"},"tags":["Core","Math","Round"],"input":[{"type":"vec2","name":"Input","info":{"en":"Input value","zh":"输入值"}}],"output":[{"type":"vec2","name":"Output"}],"uniforms":{},"frags":{},"main":["vec2 main(vec2 Input) {","    return sign(Input);","}"]}]],0,0,[],[],[]]