[1,0,0,[["cc.JsonAsset",["_name","json"],1]],[[0,0,1,3]],[[0,"WaveSquare4",{"name":"WaveSquare4","name_zh":"方形波","version":"1.0","description":{"en":"Returns a square wave from the input value.","zh":"使用输入值生成方形波。"},"tags":["Core","Noise","Random","Generator","Wave"],"input":[{"type":"vec4","name":"Input","info":{"en":"Input value","zh":"输入值"}}],"output":[{"type":"vec4","name":"Output"}],"uniforms":{},"frags":{},"main":["vec4 main (vec4 Input) {","    vec4 v = fract(Input);","    return 1.0 - 2.0 * sign(v) * floor(abs(v) + 0.5);","}"]}]],0,0,[],[],[]]