[1,0,0,[["cc.JsonAsset",["_name","json"],1]],[[0,0,1,3]],[[0,"MixSample",{"name":"MixSample","panels":[{"name":"Output","x":"343.000","y":"41.000","id":1,"inputSlot":[],"outputSlot":[],"uniforms":{}},{"name":"MainTexture","x":"-590.000","y":"-306.000","id":2,"inputSlot":[],"outputSlot":[],"uniforms":{"texture":{"filterMode":"Linear","wrapMode":"Clamp","packMode":"Unpack"}}},{"name":"UV0","x":"-454.000","y":"162.000","id":25,"inputSlot":[],"outputSlot":[{"index":1,"connections":[[43,0]]}],"uniforms":{}},{"name":"Float","x":"-412.000","y":"26.000","id":26,"inputSlot":[],"outputSlot":[{"index":0,"connections":[[43,1]]}],"uniforms":{"u_float_26":"1.000"}},{"name":"DebugPlot","x":"91.000","y":"122.000","id":37,"inputSlot":[],"outputSlot":[{"index":0,"connections":[[1,0]]}],"uniforms":{"u_lineWidth_37":"0.02","u_lineColor_37":"00ff00ff"}},{"name":"Mix1","x":"-124.000","y":"111.000","id":43,"inputSlot":[],"outputSlot":[{"index":0,"connections":[[37,0]]}],"uniforms":{}},{"name":"Float","x":"-409.000","y":"-40.000","id":44,"inputSlot":[],"outputSlot":[{"index":0,"connections":[[43,2]]}],"uniforms":{"u_float_44":"0.190"}}],"groups":{}}]],0,0,[],[],[]]