[1,0,0,[["cc.JsonAsset",["_name","json"],1]],[[0,0,1,3]],[[0,"ChannelMixer",{"name":"ChannelMixer","name_zh":"通道平衡","version":"1.0","description":{"en":"Controls the amount each of the channels of input in contribute to each of the output channels.","zh":"控制每个输入通道的颜色在每个输出通道中的占比。"},"tags":["Core","Channel"],"input":[{"type":"vec4","name":"Color","info":{"en":"Input value","zh":"输入值"}}],"output":[{"type":"vec4","name":"Color"},{"type":"vec3","name":"rgb","property":"rgb"},{"type":"float","name":"r","property":"r"},{"type":"float","name":"g","property":"g"},{"type":"float","name":"b","property":"b"},{"type":"float","name":"a","property":"a"}],"uniforms":{"u_rInR":{"type":"float","default":1,"min":0,"max":1,"slider":true,"info":{"en":"Percent of R channel to R output channel","zh":"控制输入的 R 通道在输出的 R 通道中的占比"}},"u_gInR":{"type":"float","default":1,"min":0,"max":1,"slider":true,"info":{"en":"Percent of G channel to R output channel","zh":"控制输入的 G 通道在输出的 R 通道中的占比"}},"u_bInR":{"type":"float","default":1,"min":0,"max":1,"slider":true,"info":{"en":"Percent of B channel to R output channel","zh":"控制输入的 B 通道在输出的 R 通道中的占比"}},"u_rInG":{"type":"float","default":1,"min":0,"max":1,"slider":true,"info":{"en":"Percent of red channel to G output channel","zh":"控制输入的 R 通道在输出的 G 通道中的占比"}},"u_gInG":{"type":"float","default":1,"min":0,"max":1,"slider":true,"info":{"en":"Percent of G channel to G output channel","zh":"控制输入的 G 通道在输出的 G 通道中的占比"}},"u_bInG":{"type":"float","default":1,"min":0,"max":1,"slider":true,"info":{"en":"Percent of B channel to G output channel","zh":"控制输入的 B 通道在输出的 G 通道中的占比"}},"u_rInB":{"type":"float","default":1,"min":0,"max":1,"slider":true,"info":{"en":"Percent of R channel to B output channel","zh":"控制输入的 R 通道在输出的 B 通道中的占比"}},"u_gInB":{"type":"float","default":1,"min":0,"max":1,"slider":true,"info":{"en":"Percent of G channel to B output channel","zh":"控制输入的 G 通道在输出的 B 通道中的占比"}},"u_bInB":{"type":"float","default":1,"min":0,"max":1,"slider":true,"info":{"en":"Percent of B channel to B output channel","zh":"控制输入的 B 通道在输出的 B 通道中的占比"}}},"frags":{},"main":["vec4 main(vec4 Color) {","    return vec4(","        dot(Color.rgb, vec3(u_rInR, u_rInG, u_rInB)), ","        dot(Color.rgb, vec3(u_gInR, u_gInG, u_gInB)), ","        dot(Color.rgb, vec3(u_bInR, u_bInG, u_bInB)), ","        Color.a","    );","}"]}]],0,0,[],[],[]]