[1,0,0,[["cc.JsonAsset",["_name","json"],1]],[[0,0,1,3]],[[0,"LengthSample",{"name":"LengthSample","panels":[{"name":"Output","x":"393.000","y":"20.000","id":1,"inputSlot":[],"outputSlot":[],"uniforms":{}},{"name":"MainTexture","x":"-618.000","y":"-299.000","id":2,"inputSlot":[],"outputSlot":[],"uniforms":{"texture":{"filterMode":"Linear","wrapMode":"Clamp","packMode":"Unpack"}}},{"name":"UV0","x":"-401.000","y":"151.000","id":4,"inputSlot":[],"outputSlot":[{"index":0,"connections":[[18,0]]}],"uniforms":{}},{"name":"1To4","x":"154.000","y":"80.000","id":15,"inputSlot":[],"outputSlot":[{"index":0,"connections":[[1,0]]}],"uniforms":{}},{"name":"Length2","x":"-116.000","y":"79.000","id":18,"inputSlot":[],"outputSlot":[{"index":0,"connections":[[15,0]]}],"uniforms":{}}],"groups":{}}]],0,0,[],[],[]]