[1,0,0,[["cc.JsonAsset",["_name","json"],1]],[[0,0,1,3]],[[0,"1To3Sample",{"name":"1To3Sample","panels":[{"name":"Output","x":"391.000","y":"-12.000","id":1,"inputSlot":[],"outputSlot":[],"uniforms":{}},{"name":"MainTexture","x":"-443.000","y":"34.000","id":2,"inputSlot":[],"outputSlot":[{"index":0,"connections":[[6,1]]}],"uniforms":{"texture":{"filterMode":"Linear","wrapMode":"Clamp","packMode":"Unpack"}}},{"name":"TextureToRGBA","x":"-257.000","y":"104.000","id":6,"inputSlot":[],"outputSlot":[{"index":4,"connections":[[10,0]]},{"index":5,"connections":[[11,1]]}],"uniforms":{}},{"name":"1To3","x":"-53.000","y":"156.000","id":10,"inputSlot":[],"outputSlot":[{"index":0,"connections":[[11,0]]}],"uniforms":{}},{"name":"31To4","x":"163.000","y":"90.000","id":11,"inputSlot":[],"outputSlot":[{"index":0,"connections":[[1,0]]}],"uniforms":{}}],"groups":{}}]],0,0,[],[],[]]