[1,0,0,[["cc.JsonAsset",["_name","json"],1]],[[0,0,1,3]],[[0,"Remap2",{"name":"Remap2","name_zh":"重映射","version":"1.0","description":{"en":"Returns a value between the [OutMinMax.x, OutMinMax.y] based on the linear interpolation of [InMinMax.x, InMinMax.y].","zh":"将输入值从 [InMinMax.x, InMinMax.y] 区间重映射到 [OutMinMax.x, OutMinMax.y] 后返回。"},"tags":["Core","Math","Range"],"input":[{"type":"vec2","name":"Input","info":{"en":"Input value","zh":"输入值"}},{"type":"vec2","name":"InMinMax","info":{"en":"Minimum and Maximum values for input interpolation","zh":"输入插值计算的范围"}},{"type":"vec2","name":"OutMinMax","info":{"en":"Minimum and Maximum values for output interpolation","zh":"输出插值计算的范围"}}],"output":[{"type":"vec2","name":"Output"}],"uniforms":{},"frags":{},"main":["vec2 main(vec2 Input, vec2 InMinMax, vec2 OutMinMax)","{","    return (OutMinMax.x + (Input - InMinMax.x) * (OutMinMax.y - OutMinMax.x) / (InMinMax.y - InMinMax.x));","}"]}]],0,0,[],[],[]]