[1,0,0,[["cc.JsonAsset",["_name","json"],1]],[[0,0,1,3]],[[0,"Split4",{"name":"Split4","name_zh":"","version":"1.0","description":{"en":"Convert a vec4 to four float.","zh":"将4维向量分解为四个浮点数。"},"tags":["Core","Convert"],"input":[{"type":"vec4","name":"Input","info":{"en":"Input value","zh":"输入值"}}],"output":[{"type":"vec4","name":"Output","visible":false},{"type":"float","name":"x","property":"x"},{"type":"float","name":"y","property":"y"},{"type":"float","name":"z","property":"z"},{"type":"float","name":"w","property":"w"},{"type":"vec3","name":"xyz","property":"xyz"}],"uniforms":{},"frags":{},"main":["vec4 main(vec4 Input) {","    return Input;","}"]}]],0,0,[],[],[]]