[1,0,0,[["cc.JsonAsset",["_name","json"],1]],[[0,0,1,3]],[[0,"ImageHue",{"name":"ImageHue","name_zh":"色调调整","version":"1.0","description":{"en":"Adjusts the hue of input value by the amount of Offset.","zh":"调整输入图像的色调。"},"tags":["Core","Image","Color"],"input":[{"type":"vec4","name":"Color","info":{"en":"Input value","zh":"输入值"}},{"type":"float","name":"Offset","info":{"en":"Offset value","zh":"色调偏移值"}}],"output":[{"type":"vec4","name":"Color"},{"type":"vec3","name":"rgb","property":"rgb"}],"uniforms":{},"frags":{},"main":["vec4 main (vec4 Color, float Offset) {","    vec4 K = vec4(0.0, -1.0 / 3.0, 2.0 / 3.0, -1.0);","    vec4 P = mix(vec4(Color.bg, K.wz), vec4(Color.gb, K.xy), step(Color.b, Color.g));","    vec4 Q = mix(vec4(P.xyw, Color.r), vec4(Color.r, P.yzx), step(P.x, Color.r));","    float D = Q.x - min(Q.w, Q.y);","    float E = 1e-10;","    vec3 hsv = vec3(abs(Q.z + (Q.w - Q.y)/(6.0 * D + E)), D / (Q.x + E), Q.x);","    float hue = hsv.x + Offset / 360.0;","    hsv.x = (hue < 0.0) ? hue + 1.0 : (hue > 1.0) ? hue - 1.0 : hue;","    vec4 K2 = vec4(1.0, 2.0 / 3.0, 1.0 / 3.0, 3.0);","    vec3 P2 = abs(fract(hsv.xxx + K2.xyz) * 6.0 - K2.www);","    return vec4(hsv.z * mix(K2.xxx, clamp(P2 - K2.xxx, 0.0, 1.0), hsv.y), Color.a);","}"]}]],0,0,[],[],[]]