[1,0,0,[["cc.JsonAsset",["_name","json"],1]],[[0,0,1,3]],[[0,"Sub2",{"name":"Sub2","name_zh":"相减","version":"1.0","description":{"en":"Returns the subtraction of the two input values.","zh":"对两个输入值进行相减的操作。"},"tags":["Core","Math"],"input":[{"type":"vec2","name":"InputA","info":{"en":"First input value","zh":"第一个输入值"}},{"type":"vec2","name":"InputB","info":{"en":"Second input value","zh":"第二个输入值"}}],"output":[{"type":"vec2","name":"Output"}],"uniforms":{},"frags":{},"main":["vec2 main(vec2 InputA, vec2 InputB) {","    return (InputA - InputB);","}"]}]],0,0,[],[],[]]