[1,0,0,[["cc.JsonAsset",["_name","json"],1]],[[0,0,1,3]],[[0,"4To4",{"name":"4To4","name_zh":"","version":"1.0","description":{"en":"Convert four seperate float to vec4.","zh":"将四个浮点数转为一个4维向量。"},"tags":["Core","Convert"],"input":[{"type":"float","name":"InputA","info":{"en":"First input value","zh":"第一个输入值"}},{"type":"float","name":"InputB","info":{"en":"Second input value","zh":"第二个输入值"}},{"type":"float","name":"InputC","info":{"en":"Third input value","zh":"第三个输入值"}},{"type":"float","name":"InputD","info":{"en":"Fourth input value","zh":"第四个输入值"}}],"output":[{"type":"vec4","name":"Output"}],"uniforms":{},"frags":{},"main":["vec4 main(float InputA, float InputB, float InputC, float InputD) {","    return vec4(InputA, InputB, InputC, InputD);","}"]}]],0,0,[],[],[]]