[1,0,0,[["cc.JsonAsset",["_name","json"],1]],[[0,0,1,3]],[[0,"3To3",{"name":"3To3","name_zh":"","version":"1.0","description":{"en":"Convert three seperate float to vec3.","zh":"将三个浮点数转为一个3维向量。"},"tags":["Core","Convert"],"input":[{"type":"float","name":"InputA","info":{"en":"First input value","zh":"第一个输入值"}},{"type":"float","name":"InputB","info":{"en":"Second input value","zh":"第二个输入值"}},{"type":"float","name":"InputC","info":{"en":"Third input value","zh":"第三个输入值"}}],"output":[{"type":"vec3","name":"Output"}],"uniforms":{},"frags":{},"main":["vec3 main(float InputA, float InputB, float InputC) {","    return vec3(InputA, InputB, InputC);","}"]}]],0,0,[],[],[]]