[1,0,0,[["cc.JsonAsset",["_name","json"],1]],[[0,0,1,3]],[[0,"Distance1",{"name":"Distance1","name_zh":"距离","version":"1.0","description":{"en":"Returns the euclidean distance between the values of the inputs A and B.","zh":"返回两个输入值的欧氏距离。"},"tags":["Core","Math","Vector"],"input":[{"type":"float","name":"InputA","info":{"en":"First input value","zh":"第一个输入值"}},{"type":"float","name":"InputB","info":{"en":"Second input value","zh":"第二个输入值"}}],"output":[{"type":"float","name":"Output"}],"uniforms":{},"frags":{},"main":["float main(float InputA, float InputB) {","    return distance(InputA, InputB);","}"]}]],0,0,[],[],[]]