[1,0,0,[["cc.JsonAsset",["_name","json"],1]],[[0,0,1,3]],[[0,"WaveSquare1",{"name":"WaveSquare1","name_zh":"方形波","version":"1.0","description":{"en":"Returns a square wave from the input value.","zh":"使用输入值生成方形波。"},"tags":["Core","Noise","Random","Generator","Wave"],"input":[{"type":"float","name":"Input","info":{"en":"Input value","zh":"输入值"}}],"output":[{"type":"float","name":"Output"}],"uniforms":{},"frags":{},"main":["float main (float Input) {","    float v = fract(Input);","    return 1.0 - 2.0 * sign(v) * floor(abs(v) + 0.5);","}"]}]],0,0,[],[],[]]