[1,0,0,[["cc.JsonAsset",["_name","json"],1]],[[0,0,1,3]],[[0,"WaveTriangle1",{"name":"WaveTriangle1","name_zh":"三角波","version":"1.0","description":{"en":"Returns a triangle wave from the input value.","zh":"使用输入值生成三角波。"},"tags":["Core","Noise","Random","Generator","Wave"],"input":[{"type":"float","name":"Input","info":{"en":"Input value","zh":"输入值"}}],"output":[{"type":"float","name":"Output"}],"uniforms":{},"frags":{},"main":["float main (float Input) {","    return 2.0 * abs(2.0 * (Input - floor(0.5 + Input))) - 1.0;","}"]}]],0,0,[],[],[]]