[1,0,0,[["cc.JsonAsset",["_name","json"],1]],[[0,0,1,3]],[[0,"MaxSample",{"name":"MaxSample","panels":[{"name":"Output","x":"343.000","y":"41.000","id":1,"inputSlot":[],"outputSlot":[],"uniforms":{}},{"name":"MainTexture","x":"-590.000","y":"-306.000","id":2,"inputSlot":[],"outputSlot":[],"uniforms":{"texture":{"filterMode":"Linear","wrapMode":"Clamp","packMode":"Unpack"}}},{"name":"UV0","x":"-460.000","y":"163.000","id":25,"inputSlot":[],"outputSlot":[{"index":1,"connections":[[41,0]]}],"uniforms":{}},{"name":"DebugPlot","x":"81.000","y":"104.000","id":37,"inputSlot":[],"outputSlot":[{"index":0,"connections":[[1,0]]}],"uniforms":{"u_lineWidth_37":"0.02","u_lineColor_37":"00ff00ff"}},{"name":"Sub1","x":"-283.000","y":"107.000","id":41,"inputSlot":[],"outputSlot":[{"index":0,"connections":[[46,0]]}],"uniforms":{}},{"name":"Float","x":"-452.000","y":"-24.000","id":42,"inputSlot":[],"outputSlot":[{"index":0,"connections":[[41,1]]}],"uniforms":{"u_float_42":"0.000"}},{"name":"Float","x":"-228.000","y":"-19.000","id":45,"inputSlot":[],"outputSlot":[{"index":0,"connections":[[46,1]]}],"uniforms":{"u_float_45":"0.500"}},{"name":"Max1","x":"-88.000","y":"77.000","id":46,"inputSlot":[],"outputSlot":[{"index":0,"connections":[[37,0]]}],"uniforms":{}}],"groups":{}}]],0,0,[],[],[]]