[1,0,0,[["cc.JsonAsset",["_name","json"],1]],[[0,0,1,3]],[[0,"WaveTriangleSample",{"name":"WaveTriangleSample","panels":[{"name":"Output","x":"396.000","y":"5.000","id":1,"inputSlot":[],"outputSlot":[],"uniforms":{}},{"name":"MainTexture","x":"-374.000","y":"17.000","id":2,"inputSlot":[],"outputSlot":[],"uniforms":{"texture":{"filterMode":"Linear","wrapMode":"Clamp","packMode":"Unpack"}}},{"name":"UV0","x":"-446.000","y":"156.000","id":8,"inputSlot":[],"outputSlot":[{"index":0,"connections":[[15,0]]}],"uniforms":{}},{"name":"4To4","x":"157.000","y":"66.000","id":10,"inputSlot":[],"outputSlot":[{"index":0,"connections":[[1,0]]}],"uniforms":{}},{"name":"Split2","x":"-54.000","y":"102.000","id":11,"inputSlot":[],"outputSlot":[{"index":1,"connections":[[10,0]]},{"index":2,"connections":[[10,1]]}],"uniforms":{}},{"name":"Float","x":"1.000","y":"-18.000","id":12,"inputSlot":[],"outputSlot":[{"index":0,"connections":[[10,2]]}],"uniforms":{"u_float_12":"1"}},{"name":"Float","x":"27.000","y":"-77.000","id":13,"inputSlot":[],"outputSlot":[{"index":0,"connections":[[10,3]]}],"uniforms":{"u_float_13":"1"}},{"name":"WaveTriangle2","x":"-245.000","y":"185.000","id":15,"inputSlot":[],"outputSlot":[{"index":0,"connections":[[11,0]]}],"uniforms":{}}],"groups":{}}]],0,0,[],[],[]]