[1,0,0,[["cc.JsonAsset",["_name","json"],1]],[[0,0,1,3]],[[0,"UVPolarSample",{"name":"UVPolarSample","panels":[{"name":"Output","x":"300.000","y":"0.000","id":1,"inputSlot":[],"outputSlot":[],"uniforms":{}},{"name":"MainTexture","x":"-419.000","y":"57.000","id":2,"inputSlot":[],"outputSlot":[{"index":0,"connections":[[3,1]]}],"uniforms":{"texture":{"filterMode":"Linear","wrapMode":"Clamp","packMode":"Unpack"}}},{"name":"TextureToRGBA","x":"-41.000","y":"-105.000","id":3,"inputSlot":[],"outputSlot":[{"index":0,"connections":[[1,0]]}],"uniforms":{}},{"name":"UV0","x":"-436.000","y":"170.000","id":4,"inputSlot":[],"outputSlot":[{"index":0,"connections":[[5,0]]}],"uniforms":{}},{"name":"UVPolar","x":"27.000","y":"225.000","id":5,"inputSlot":[],"outputSlot":[{"index":0,"connections":[[3,0]]}],"uniforms":{}},{"name":"Vec2","x":"-147.000","y":"179.000","id":7,"inputSlot":[],"outputSlot":[{"index":0,"connections":[[5,1]]}],"uniforms":{"u_x_7":"0.500","u_y_7":"0.500"}},{"name":"Float","x":"-145.000","y":"83.000","id":8,"inputSlot":[],"outputSlot":[{"index":0,"connections":[[5,3]]}],"uniforms":{"u_float_8":"23.920"}},{"name":"Float","x":"-139.000","y":"124.000","id":9,"inputSlot":[],"outputSlot":[{"index":0,"connections":[[5,2]]}],"uniforms":{"u_float_9":"0.870"}}],"groups":{}}]],0,0,[],[],[]]