[1,0,0,[["cc.JsonAsset",["_name","json"],1]],[[0,0,1,3]],[[0,"ImageGrayScaleSample",{"name":"ImageGrayScaleSample","panels":[{"name":"Output","x":"347.000","y":"59.000","id":1,"inputSlot":[],"outputSlot":[],"uniforms":{}},{"name":"MainTexture","x":"-408.000","y":"157.000","id":2,"inputSlot":[],"outputSlot":[{"index":0,"connections":[[4,1]]}],"uniforms":{"texture":{"filterMode":"Linear","wrapMode":"Clamp","packMode":"Unpack"}}},{"name":"ImageGrayScale","x":"50.000","y":"76.000","id":3,"inputSlot":[],"outputSlot":[{"index":0,"connections":[[1,0]]}],"uniforms":{}},{"name":"TextureToRGBA","x":"-194.000","y":"138.000","id":4,"inputSlot":[],"outputSlot":[{"index":0,"connections":[[3,0]]}],"uniforms":{}}],"groups":{}}]],0,0,[],[],[]]