[1,0,0,[["cc.JsonAsset",["_name","json"],1]],[[0,0,1,3]],[[0,"RemapSample",{"name":"RemapSample","panels":[{"name":"Output","x":"366.000","y":"26.000","id":1,"inputSlot":[],"outputSlot":[],"uniforms":{}},{"name":"MainTexture","x":"-450.000","y":"-20.000","id":2,"inputSlot":[],"outputSlot":[],"uniforms":{"texture":{"filterMode":"Linear","wrapMode":"Clamp","packMode":"Unpack"}}},{"name":"Remap1","x":"-139.000","y":"128.000","id":3,"inputSlot":[],"outputSlot":[{"index":0,"connections":[[7,0]]}],"uniforms":{}},{"name":"UV0","x":"-398.000","y":"166.000","id":4,"inputSlot":[],"outputSlot":[{"index":1,"connections":[[3,0]]}],"uniforms":{}},{"name":"Vec2","x":"-314.000","y":"-36.000","id":5,"inputSlot":[],"outputSlot":[{"index":0,"connections":[[3,2]]}],"uniforms":{"u_x_5":"0.000","u_y_5":"2.000"}},{"name":"Vec2","x":"-313.000","y":"40.000","id":6,"inputSlot":[],"outputSlot":[{"index":0,"connections":[[3,1]]}],"uniforms":{"u_x_6":"0.000","u_y_6":"0.500"}},{"name":"DebugPlot","x":"79.000","y":"38.000","id":7,"inputSlot":[],"outputSlot":[{"index":0,"connections":[[1,0]]}],"uniforms":{"u_lineWidth_7":"0.02","u_lineColor_7":"00ff00ff"}}],"groups":{}}]],0,0,[],[],[]]