[1,0,0,[["cc.JsonAsset",["_name","json"],1]],[[0,0,1,3]],[[0,"Degrees2",{"name":"Degrees2","name_zh":"求角度","version":"1.0","description":{"en":"Converts radians to degrees.","zh":"将输入的弧度值转换为角度值。"},"tags":["Core","Math","Trigonometric"],"input":[{"type":"vec2","name":"Input","info":{"en":"Input value","zh":"输入值"}}],"output":[{"type":"vec2","name":"Output"}],"uniforms":{},"frags":{},"main":["vec2 main(vec2 Input) {","    return degrees(Input);","}"]}]],0,0,[],[],[]]