[1,0,0,[["cc.JsonAsset",["_name","json"],1]],[[0,0,1,3]],[[0,"ProceduralHeart",{"name":"ProceduralHeart","name_zh":"爱心","version":"1.0","description":{"en":"Generates a beating heart based on input UV.","zh":"使用输入的纹理坐标，以及指定颜色生成跳动的爱心。"},"tags":["Core","Procedural","Animated","Time"],"input":[{"type":"vec2","name":"UV","info":{"en":"UV input value","zh":"UV 输入值"}},{"type":"vec4","name":"Color","info":{"en":"Heart color","zh":"爱心的颜色"}},{"type":"float","name":"Seed","info":{"en":"Time seed for animation","zh":"时间种子，用于动画"}}],"output":[{"type":"vec4","name":"Color"},{"type":"vec3","name":"rgb","property":"rgb"}],"uniforms":{},"frags":{},"main":["vec4 main (vec2 UV, vec4 Color, float Seed) {","    vec2 p = UV * vec2(1.0, -1.0);","    vec4 bcol = vec4(0.0);","    float tt = mod(Seed, 1.5) / 1.5;","    float ss = pow(tt, 0.2) * 0.5 + 0.5;","    ss = 1.0 + ss * 0.5 * sin(tt * 6.2831 * 3.0 + p.y * 0.5) * exp(-tt * 4.0);","    p *= vec2(0.5, 1.5) + ss * vec2(0.5, -0.5);","    p.y -= 0.25;","    float a = atan(p.x, p.y) / 3.141593;","    float r = length(p);","    float h = abs(a);","    float d = (13.0 * h - 22.0 * h * h + 10.0 * h * h * h) / (6.0 - 5.0 * h);","    float s = 0.75 + 0.75 * p.x;","    s *= 1.0 - 0.4 * r;","    s = 0.3 + 0.7 * s;","    s *= 0.5 + 0.5 * pow(1.0 - clamp(r / d, 0.0, 1.0), 0.1);","    return mix(bcol, Color * vec4(vec3(s), 1.0), smoothstep(-0.01, 0.01, d - r));","}"]}]],0,0,[],[],[]]