[1,0,0,[["cc.JsonAsset",["_name","json"],1]],[[0,0,1,3]],[[0,"Arctangent3",{"name":"Arctangent3","name_zh":"反正切","version":"1.0","description":{"en":"Returns the arctangent of input value.","zh":"对输入值取反正切操作。"},"tags":["Core","Math","Trigonometric"],"input":[{"type":"vec3","name":"Input","info":{"en":"Input value","zh":"输入值"}}],"output":[{"type":"vec3","name":"Output"}],"uniforms":{},"frags":{},"main":["vec3 main(vec3 Input) {","    return atan(Input);","}"]}]],0,0,[],[],[]]