[1,0,0,[["cc.JsonAsset",["_name","json"],1]],[[0,0,1,3]],[[0,"dFdx1",{"name":"dFdx1","name_zh":"x偏导数","version":"1.0","description":{"en":"Returns the partial derivative of the input value with respect to the screen-space x-coordinate.","zh":"返回输入值基于屏幕x轴的偏导数。"},"tags":["Core","Derivative"],"input":[{"type":"float","name":"Input","info":{"en":"Input value","zh":"输入值"}}],"output":[{"type":"float","name":"Output"}],"uniforms":{},"frags":{},"main":["float main(float Input) {","    return dFdx(Input);","}"]}]],0,0,[],[],[]]