[1,["01LeffLlRNwKlfWzPeQfJ7","3aXNo6lMFF+Y9tFCJku72S","60vhW9g4JPZaBR6pbJbLze"],["_textureSetter"],["cc.SpriteFrame"],0,[[[{"name":"sample","rect":[37,0,225,300],"offset":[-0.5,0],"originalSize":[300,300],"capInsets":[0,0,0,0]}],[0],0,[0],[0],[0]],[[{"name":"NotFoundSample","rect":[0,0,250,250],"offset":[0,0],"originalSize":[250,250],"capInsets":[0,0,0,0]}],[0],0,[0],[0],[1]],[[{"name":"info_fx","rect":[0,0,300,300],"offset":[0,0],"originalSize":[300,300],"capInsets":[0,0,0,0]}],[0],0,[0],[0],[2]]]]