[1,["ecpdLyjvZBwrvm+cedCcQy","f0BIwQ8D5Ml7nTNQbh1YlS","e97GVMl6JHh5Ml5qEDdSGa","29FYIk+N1GYaeWH/q1NxQO","87fL9LsStP37z33Xc7hLre","f9ga6sMz1PAZxW4sWQA+x0","95evCeB89IJ6hQhfUYP+xj","f4pX7j9LRKoYmCLK17vvRV","3ae7efMv1CLq2ilvUY/tQi","6e9NNH3cRIEIej32NPGoDP","67l3uihYdNBLvwuKdSA0AE","262M2qPV5FaqeeBoPCy1+1","a2MjXRFdtLlYQ5ouAFv/+R"],["node","_spriteFrame","_N$target","_N$normalSprite","_N$pressedSprite","_N$hoverSprite","_N$disabledSprite","_textureSetter","root","overloadButton","fxButton","openButton","createButton","tagNode","tagTitle","itemName","data","_normalMaterial","_grayMaterial"],[["cc.Widget",["_alignFlags","_right","_left","_bottom","_enabled","_originalWidth","node"],-3,1],["cc.Node",["_name","_active","_components","_prefab","_contentSize","_trs","_parent","_children","_color"],1,9,4,5,7,1,2,5],["cc.Button",["_N$transition","zoomScale","_enabled","node","_N$pressedColor","_N$target","clickEvents","_N$normalColor","_N$disabledColor","_N$normalSprite","_N$pressedSprite","_N$hoverSprite","_N$disabledSprite","_N$hoverColor","_normalMaterial","_grayMaterial"],0,1,5,1,9,5,5,6,6,6,6,5,6,6],["cc.Sprite",["_sizeMode","_isTrimmedMode","_type","node","_materials","_spriteFrame"],0,1,3,6],"cc.SpriteFrame",["cc.Node",["_name","_parent","_components","_prefab","_contentSize","_anchorPoint","_trs","_color"],2,1,12,4,5,5,7,5],["cc.PrefabInfo",["fileId","root"],2,1],["cc.LabelOutline",["_width","_enabled","node","_color"],1,1,5],["cc.Prefab",["_name"],2],["445b3zWSE5L6pElVjDCBzHc",["node","itemName","tagTitle","tagNode","createButton","openButton","fxButton","overloadButton"],3,1,1,1,1,1,1,1,1],["cc.ClickEvent",["_componentId","handler","target"],1,1],["cc.Label",["_string","_fontSize","_lineHeight","_enableWrapText","_styleFlags","_N$verticalAlign","_N$cacheMode","node","_materials"],-4,1,3]],[[6,0,1,2],[1,0,6,2,3,8,4,5,2],[10,0,1,2,3],[1,0,1,6,7,2,3,4,5,3],[0,0,1,6,3],[3,0,3,4,5,2],[0,0,2,6,3],[2,1,0,3,6,7,4,8,5,9,10,11,12,3],[3,0,1,3,4,5,3],[11,0,1,2,3,4,5,6,7,8,8],[8,0,2],[1,0,7,2,3,4,5,2],[1,0,6,7,2,3,4,5,2],[1,0,1,6,2,3,8,4,3],[5,0,1,2,3,4,5,6,2],[5,0,1,2,3,7,4,5,6,2],[0,0,6,2],[0,0,1,3,6,4],[0,4,0,2,1,6,5],[0,0,5,6,3],[9,0,1,2,3,4,5,6,7,1],[2,0,3,4,13,5,2],[2,2,1,0,3,6,7,4,8,9,10,11,12,4],[2,1,0,3,6,7,4,8,5,14,15,9,10,11,12,3],[6,1,1],[7,1,0,2,3,3],[7,0,2,3,2],[3,2,0,3,4,5,3]],[[[{"name":"Abgerundetes Rechteck 6 Kopie 132","rect":[0,0,43,25],"offset":[0,0],"originalSize":[43,25],"capInsets":[0,0,0,0]}],[4],0,[0],[7],[4]],[[{"name":"folder-open-regular","rect":[0,50,300,200],"offset":[0,0],"originalSize":[300,300],"capInsets":[0,0,0,0]}],[4],0,[0],[7],[5]],[[[10,"ContextMenuItemPrefab"],[11,"ContextMenuItemPrefab",[-13,-14,-15,-16,-17,-18,-19],[[16,40,-2],[20,-10,-9,-8,-7,-6,-5,-4,-3],[21,1,-12,[4,4294377272],[4,4294377272],-11]],[24,-1],[5,1136,20],[568,-30,0,0,0,0,1,1,1,1]],[3,"FXButton",false,1,[-22,-23],[[22,false,1.1,3,-20,[[2,"445b3zWSE5L6pElVjDCBzHc","onOpen",1]],[4,4293322470],[4,4291348680],[4,3363338360],20,21,22,23],[17,8,1123.27,-2.275000000000001,-21]],[0,"fczZOmsSBEWL9ozAGDz/n0",1],[5,30,20],[-553,-2.2750000000000004,0,0,0,0,1,1,1,1]],[14,"Title",1,[[-24,[6,12,5,-25],[25,false,2,-26,[4,4278190080]]],1,4,4],[0,"57JWYZmppPBo8+oJorJW7Z",1],[5,1053.63,75.6],[0,0,0.5],[-563,-2.4400000000000004,0,0,0,0,1,0.2,0.2,1]],[3,"CreateButton",false,1,[-30],[[23,1.1,3,-28,[[2,"445b3zWSE5L6pElVjDCBzHc","onCreate",1]],[4,4293322470],[4,4291348680],[4,3363338360],-27,5,6,7,8,9,10],[4,36,2,-29]],[0,"bbdVsKd3pKjJuLg2gzBuas",1],[5,30,20],[551,0,0,0,0,0,1,1,1,1]],[12,"OpenButton",1,[-34],[[7,1.1,3,-32,[[2,"445b3zWSE5L6pElVjDCBzHc","onOpen",1]],[4,4293322470],[4,4291348680],[4,3363338360],-31,13,14,15,16],[4,36,2,-33]],[0,"24sBpRFBlB/ZvDeWZC8qr9",1],[5,30,20],[551,0,0,0,0,0,1,1,1,1]],[3,"OverloadButton",false,1,[-38],[[7,1.1,3,-36,[[2,"445b3zWSE5L6pElVjDCBzHc","onOverload",1]],[4,4293322470],[4,4291348680],[4,3363338360],-35,26,27,28,29],[4,36,2,-37]],[0,"b0zqtpaINMoprdweZ6IFFq",1],[5,30,20],[551,0,0,0,0,0,1,1,1,1]],[15,"TagTitle",2,[[-39,[6,8,0.532,-40],[26,4,-41,[4,4278190080]]],1,4,4],[0,"faolQ+QnxI7Zd0MHvGrMRC",1],[4,4293391871],[5,235.83,134],[0,0,0.5],[-14.468,0.702,0,0,0,0,1,0.1,0.1,1]],[13,"Bg",false,1,[[5,0,-42,[0],1],[18,false,45,-20,-20,-43]],[0,"d1OvjP8ApOn58bfU1aajV5",1],[4,4278190080],[5,1176,30]],[1,"icon",4,[[5,0,-44,[3],4]],[0,"1a/rAOZAVMJ4yHrPsLKiHh",1],[4,4293322470],[5,14,14],[0,0,0,0,0,0,1,1,1,0]],[1,"icon",5,[[8,0,false,-45,[11],12]],[0,"4afMTejx9KyJKvsxgrunsc",1],[4,4293393507],[5,14,14],[0,0,0,0,0,0,1,1,1,0]],[1,"Tag",2,[[27,1,0,-46,[17],18]],[0,"62cZRAohNHGI45jBiExsKE",1],[4,4279238400],[5,55,22],[1.124,0,0,0,0,0,1,0.6,0.6,1]],[1,"icon",6,[[8,0,false,-47,[24],25]],[0,"9b/yAKJz9A+aTvyAT2Paw5",1],[4,4293393507],[5,14,14],[0,0,0,0,0,0,1,1,1,0]],[1,"Seperator",1,[[5,0,-48,[30],31],[19,44,24,-49]],[0,"31QAO5elhGy5uBtUvAxeHn",1],[4,4286545791],[5,1136,1],[0,-9.5,0,0,0,0,1,1,1,1]],[9,"core/math/common/Abs/Abs1asdasd",60,60,false,1,1,1,3,[2]],[9,"Core",100,100,false,1,1,1,7,[19]]],0,[0,8,1,0,0,1,0,9,6,0,10,2,0,11,5,0,12,4,0,13,11,0,14,15,0,15,14,0,0,1,0,2,3,0,0,1,0,-1,8,0,-2,3,0,-3,4,0,-4,5,0,-5,2,0,-6,6,0,-7,13,0,0,2,0,0,2,0,-1,11,0,-2,7,0,-1,14,0,0,3,0,0,3,0,2,9,0,0,4,0,0,4,0,-1,9,0,2,10,0,0,5,0,0,5,0,-1,10,0,2,12,0,0,6,0,0,6,0,-1,12,0,-1,15,0,0,7,0,0,7,0,0,8,0,0,8,0,0,9,0,0,10,0,0,11,0,0,12,0,0,13,0,0,13,0,16,1,49],[0,0,0,0,0,0,0,0,0,0,0,0,0,0,0,0,0,0,0,0,0,0,0,0,0,0,0,0,0,0,0,0],[-1,1,-1,-1,1,17,18,3,4,5,6,-1,1,3,4,5,6,-1,1,-1,3,4,5,6,-1,1,3,4,5,6,-1,1],[0,6,0,0,7,0,8,1,2,1,3,0,9,1,2,1,3,0,10,0,1,2,1,3,0,11,1,2,1,3,0,12]]]]