[1,0,0,[["cc.JsonAsset",["_name","json"],1]],[[0,0,1,3]],[[0,"Ceil3",{"name":"Ceil3","name_zh":"向上取整","version":"1.0","description":{"en":"Returns the smallest number that is larger or equal to input value.","zh":"对输入值进行向上取整操作。"},"tags":["Core","Math","Round"],"input":[{"type":"vec3","name":"Input","info":{"en":"Input value","zh":"输入值"}}],"output":[{"type":"vec3","name":"Output"}],"uniforms":{},"frags":{},"main":["vec3 main(vec3 Input) {","    return ceil(Input);","}"]}]],0,0,[],[],[]]