[1,0,0,[["cc.JsonAsset",["_name","json"],1]],[[0,0,1,3]],[[0,"Min1",{"name":"Min1","name_zh":"取最小值","version":"1.0","description":{"en":"Return the minimum of the two input values.","zh":"返回两个输入值中较小的数。"},"tags":["Core","Math","Range"],"input":[{"type":"float","name":"InputA","info":{"en":"First input value","zh":"输第一个入值"}},{"type":"float","name":"InputB","info":{"en":"Second input value","zh":"第二个输入值"}}],"output":[{"type":"float","name":"Output"}],"uniforms":{},"frags":{},"main":["float main(float InputA, float InputB) {","    return min(InputA, InputB);","}"]}]],0,0,[],[],[]]