[1,["ecpdLyjvZBwrvm+cedCcQy","58f7gzBUlLJLMywi34+FGl","56Fz3PRdpOSLwxIuRZi2+a"],["node","root","_N$background","_N$placeholderLabel","_N$textLabel","data","_parent","_spriteFrame","_textureSetter"],[["cc.Node",["_name","_prefab","_contentSize","_trs","_children","_components","_anchorPoint","_parent"],2,4,5,7,2,9,5,1],["cc.Node",["_name","_objFlags","_active","_parent","_components","_prefab","_contentSize","_trs","_color","_anchorPoint"],0,1,12,4,5,7,5,5],["cc.Label",["_fontSize","_lineHeight","_N$verticalAlign","_string","_enableWrapText","_N$overflow","_styleFlags","_N$horizontalAlign","node","_materials"],-5,1,3],["cc.PrefabInfo",["fileId","root"],2,1],["cc.Widget",["alignMode","_alignFlags","_originalWidth","_originalHeight","_left","node"],-2,1],"cc.SpriteFrame",["cc.Prefab",["_name"],2],["cc.EditBox",["maxLength","_N$inputMode","node","editingReturn","_N$textLabel","_N$placeholderLabel","_N$background"],1,1,9,1,1,1],["cc.ClickEvent",["_componentId","handler","target"],1,1],["cc.Sprite",["_type","_sizeMode","node","_materials"],1,1,3]],[[3,0,1,2],[4,0,1,4,2,3,5,6],[6,0,2],[0,0,4,1,2,3,2],[0,0,4,5,1,2,6,3,2],[0,0,7,4,1,2,3,2],[0,0,7,5,1,2,6,3,2],[1,0,1,3,4,5,8,6,7,3],[1,0,1,2,3,4,5,6,9,7,4],[1,0,1,3,4,5,8,6,9,7,3],[3,1,1],[7,0,1,2,3,4,5,6,3],[8,0,1,2,3],[4,0,1,2,3,5,5],[2,3,0,1,6,7,2,8,9,7],[2,0,1,4,2,5,8,6],[2,3,0,1,4,2,5,8,9,7],[9,0,1,2,3,3]],[[[[2,"ShaderFXPrefabUniformEditBox"],[3,"ShaderFXPrefabUniform",[-2],[10,-1],[5,200,20],[0,-35.5,0,0,0,0,1,1,1,1]],[4,"value",[-7,-8,-9],[[11,8,2,-6,[[12,"c3769ORpW9ICp/ZS0aYgOTe","onValueChanged",1]],-5,-4,-3]],[0,"03S3b6LJ1GP6p3PcM4N+mW",1],[5,60,24],[0,0,0.5],[6.719999999999999,0,0,0,0,0,1,1,1,1]],[5,"kv",1,[-10,2],[0,"c77wT/uA9DY6/BygdV2V/z",1],[5,133.44,25],[0,-8,0,0,0,0,1,1,1,1]],[7,"BACKGROUND_SPRITE",512,2,[[-11,[13,0,45,160,40,-12]],1,4],[0,"17r4qR/SZIIZdynbSr1WgJ",1],[4,4286709736],[5,60,24],[30,0,0,0,0,0,1,1,1,1]],[8,"TEXT_LABEL",512,false,2,[[-13,[1,0,45,2,158,40,-14]],1,4],[0,"fccpOqgK5DYrl28z9GpHqg",1],[5,60,30],[0,0,1],[-78,20,0,0,0,0,1,0.25,0.25,1]],[9,"PLACEHOLDER_LABEL",512,2,[[-15,[1,0,45,2,158,40,-16]],1,4],[0,"86jvhfkMRDGoIkl8fWoNzg",1],[4,4290493371],[5,232,96],[0,0,1],[2,12,0,0,0,0,1,0.25,0.25,1]],[6,"name",3,[[14,"intensity",64,80,1,1,1,-17,[0]]],[0,"6bRMhbK01FMpcUHeAUO94R",1],[5,263.16,100.8],[0,1,0.5],[1.7199999999999989,1,0,0,0,0,1,0.25,0.25,1]],[17,1,0,4,[1]],[15,64,80,false,1,1,5],[16,"......",64,80,false,1,1,6,[2]]],0,[0,1,1,0,-1,3,0,2,8,0,3,10,0,4,9,0,0,2,0,-1,4,0,-2,5,0,-3,6,0,-1,7,0,-1,8,0,0,4,0,-1,9,0,0,5,0,-1,10,0,0,6,0,0,7,0,5,1,2,6,3,17],[0,0,0,8],[-1,-1,-1,7],[0,0,0,1]],[[{"name":"Input Field - Normal","rect":[0,0,99,36],"offset":[0,0],"originalSize":[99,36],"capInsets":[0,0,0,0]}],[5],0,[0],[8],[2]]]]