[1,["ecpdLyjvZBwrvm+cedCcQy","f0BIwQ8D5Ml7nTNQbh1YlS","940xkvdghF5Kvcj5yRjIpX","e97GVMl6JHh5Ml5qEDdSGa","29FYIk+N1GYaeWH/q1NxQO","95evCeB89IJ6hQhfUYP+xj","e4j/FCHptFHJx6vcB2knUV","a4ZB2uxhJFCqyQJgeqtXhy","f4pX7j9LRKoYmCLK17vvRV","fcmtiy52pJ3ZFxzUvKz3Tk","262M2qPV5FaqeeBoPCy1+1","87Px0Te+RI/5KnfI/VoWcG","a02pLWlqZEo7HkfwW57k2L","47sOaOWI1Bt4JafbKV+psK","59iuxGpylD+q3pGC2WCsLk"],["node","_spriteFrame","_N$target","_parent","_N$normalSprite","_N$pressedSprite","_N$hoverSprite","_N$disabledSprite","root","mode","scrollView","dropButton","_N$content","_textureSetter","_propertyValue","fileName","packModePrefab","filterModePrefab","wrapModePrefab","content","uniformRefContent","uniformRef","uniformType","uniformName","packNode","unpackNode","linearNode","nearestNode","clampNode","repeatNode","data","_N$file","refPanelPrefab","uniformTexturePreviewPrefab"],[["cc.Node",["_name","_active","_objFlags","_prefab","_contentSize","_components","_trs","_parent","_children","_anchorPoint","_color"],0,4,5,9,7,1,2,5,5],["cc.Layout",["_resize","_N$layoutType","_N$affectedByScale","_N$paddingBottom","_N$spacingX","_N$paddingTop","_N$spacingY","_N$paddingLeft","_enabled","_N$paddingRight","node","_layoutSize"],-7,1,5],["cc.Label",["_string","_N$verticalAlign","_fontSize","_lineHeight","_enableWrapText","_N$overflow","_N$horizontalAlign","_styleFlags","_isSystemFontUsed","node","_materials","_N$file"],-6,1,3,6],["cc.Widget",["_alignFlags","_left","_right","_originalWidth","_bottom","alignMode","_top","_originalHeight","node"],-5,1],["cc.Button",["zoomScale","_N$transition","node","clickEvents","_N$target","_N$normalColor","_N$pressedColor","_N$disabledColor","_N$normalSprite","_N$pressedSprite","_N$hoverSprite","_N$disabledSprite","_N$hoverColor"],1,1,9,1,5,5,5,6,6,6,6,5],["cc.Sprite",["_sizeMode","_type","node","_materials","_spriteFrame"],1,1,3,6],["cc.Node",["_name","_parent","_components","_prefab","_contentSize","_trs","_anchorPoint"],2,1,12,4,5,7,5],["cc.PrefabInfo",["fileId","root"],2,1],["cc.Mask",["_N$alphaThreshold","_type","node","_materials"],1,1,3],"cc.SpriteFrame",["cc.Prefab",["_name"],2],["cc.Node",["_name","_parent","_components","_prefab","_contentSize","_anchorPoint","_trs"],2,1,2,4,5,5,7],["7ea5f5xmflM3oC1LguZPyRY",["node","uniformName","uniformType","uniformRef","uniformRefContent","content","wrapModePrefab","filterModePrefab","packModePrefab","fileName","_propertyValue","refPanelPrefab","uniformTexturePreviewPrefab"],3,1,1,1,1,1,1,1,1,1,1,1,6,6],["8fa3cwryP1HCoEKelGc+L8h",["node","dropButton","scrollView","mode","unpackNode","packNode"],3,1,1,1,1,1,1],["22be8NshG9KAoy2KHCdPIEu",["node","dropButton","scrollView","mode","nearestNode","linearNode"],3,1,1,1,1,1,1],["0d4836Ek2pG17RIAQl+UNMU",["node","dropButton","scrollView","mode","repeatNode","clampNode"],3,1,1,1,1,1,1],["cc.ScrollView",["horizontal","vertical","inertia","brake","bounceDuration","_N$horizontalScrollBar","_N$verticalScrollBar","node","_N$content"],-4,1,1],["cc.Button",["zoomScale","_N$transition","clickEvents","node","_N$normalColor","_N$pressedColor","_N$disabledColor","_N$target","_N$normalSprite","_N$pressedSprite","_N$hoverSprite","_N$disabledSprite"],0,1,5,5,5,1,6,6,6,6],["cc.ClickEvent",["_componentId","handler","target"],1,1],["cc.LabelOutline",["_width","node","_color"],2,1,5]],[[7,0,1,2],[18,0,1,2,3],[0,0,7,5,3,4,9,6,2],[2,0,2,3,4,1,9,10,6],[0,0,7,8,5,3,4,6,2],[5,1,0,2,3,4,3],[11,0,1,2,3,4,5,6,2],[5,0,2,3,4,2],[4,0,1,2,3,4,3],[0,0,7,5,3,10,4,6,2],[4,0,1,2,3,5,6,7,4,8,9,10,11,3],[0,0,8,5,3,4,6,2],[0,0,1,7,8,5,3,4,6,3],[1,0,1,2,10,11,4],[3,5,0,1,2,6,4,3,7,8,9],[0,0,1,7,8,5,3,10,4,6,3],[0,0,8,5,3,4,9,6,2],[0,0,1,7,5,3,4,9,6,3],[0,0,7,8,3,4,6,2],[3,0,1,2,3,8,5],[3,0,1,3,8,4],[3,5,0,1,6,4,3,7,8,8],[16,0,1,2,3,4,5,6,7,8,8],[2,0,2,3,4,7,1,9,10,7],[0,0,2,7,5,3,4,6,3],[0,0,2,5,3,4,6,3],[1,0,1,5,3,10,11,5],[1,0,1,10,11,3],[3,0,1,2,8,4],[3,0,2,4,8,4],[2,0,2,3,6,1,5,9,10,7],[8,0,2,3,2],[10,0,2],[0,0,8,5,3,4,2],[0,0,7,8,5,3,10,4,9,6,2],[0,0,7,8,5,3,4,2],[6,0,1,2,3,4,5,2],[6,0,1,2,3,4,6,5,2],[1,0,1,3,10,11,4],[1,8,0,1,4,2,10,11,6],[1,10,11,1],[1,0,1,6,10,11,4],[1,0,1,5,3,2,10,11,6],[1,0,1,7,9,2,10,11,6],[1,0,1,4,10,11,4],[1,0,1,7,5,4,6,10,11,7],[12,0,1,2,3,4,5,6,7,8,9,10,11,12,1],[7,1,1],[13,0,1,2,3,4,5,1],[14,0,1,2,3,4,5,1],[15,0,1,2,3,4,5,1],[5,0,2,3,2],[4,0,1,2,3,3],[4,0,1,2,3,12,4,3],[17,0,1,2,3,4,5,6,7,8,9,10,11,4],[2,0,2,3,4,1,5,9,10,7],[2,0,2,3,1,9,10,5],[2,0,4,6,1,9,10,5],[2,0,4,1,5,9,10,5],[2,0,2,3,8,6,1,9,10,11,7],[8,1,0,2,3,3],[19,0,1,2,2]],[[[{"name":"subtexture","rect":[0,0,350,394],"offset":[0,0],"originalSize":[350,394],"capInsets":[0,0,0,0]}],[9],0,[0],[13],[6]],[[[32,"ShaderFXPrefabProjectUniformTexture"],[11,"ShaderFXPrefabProjectUniform",[-14,-15],[[38,1,2,10,-2,[5,200,160]],[46,-13,-12,-11,-10,-9,-8,-7,-6,-5,-4,-3,73,74]],[47,-1],[5,200,160],[-2.061,-9.673,0,0,0,0,1,1,1,1]],[11,"ShaderFXPackModePrefab",[-23,-24,-25,-26],[[48,-22,-21,-20,-19,-18,-17]],[0,"77Vk5RgMlESLLx8HIH4amw",-16],[5,180,34],[0,-31.655,0,0,0,0,1,1,1,1]],[11,"ShaderFXFilterModePrefab",[-34,-35,-36],[[49,-33,-32,-31,-30,-29,-28]],[0,"7cRoHCkJFMwZ+ahf0A2eGI",-27],[5,180,34],[0,40.95,0,0,0,0,1,1,1,1]],[11,"ShaderFXWrapModePrefab",[-44,-45,-46],[[50,-43,-42,-41,-40,-39,-38]],[0,"34eIvOxkRCbJPNxcbMdmyw",-37],[5,180,34],[0,2.656,0,0,0,0,1,1,1,1]],[33,"Node",[-48,-49,3,4,2,-50],[[39,false,1,1,10,true,-47,[5,140,16]]],[0,"306TNey9VMjq5y+r4x5txR",1],[5,140,120]],[4,"Header",1,[-52,-53,-54,-55,-56],[[28,40,2.064999999999996,-2.064999999999996,-51]],[0,"a0HBAC84VBhJUsbQvs4pqH",1],[5,200,30],[2.0649999999999977,65,0,0,0,0,1,1,1,1]],[15,"ScrollView",false,3,[-62],[[5,1,0,-57,[22],23],[22,false,false,false,0.75,0.23,null,null,-59,-58],[19,40,67.96499999999999,12.03499999999999,198,-60],[26,1,2,8,10,-61,[5,100.00000000000001,33.12]]],[0,"11SdHE5GROg5Vaj5e2L5nR",3],[4,4280229663],[5,100.00000000000001,33.12],[27.964999999999996,-10.29,0,0,0,0,1,1,1,1]],[15,"ScrollView",false,4,[-68],[[5,2,0,-63,[37],38],[22,false,false,false,0.75,0.23,null,null,-65,-64],[19,40,67.23700000000004,12.76300000000004,198,-66],[26,1,2,4,5,-67,[5,99.99999999999993,24.119999999999997]]],[0,"11SdHE5GROg5Vaj5e2L5nR",4],[4,4280229663],[5,99.99999999999993,24.119999999999997],[27.237000000000002,-7.916,0,0,0,0,1,1,1,1]],[16,"content",[-72,-73],[[13,1,2,true,-69,[5,80,15.12]],[20,40,3.552713678800501e-15,800,-70],[40,-71,[5,80,15.12]]],[0,"beD5AOjF9LlI91PATk3bjw",4],[5,80,15.12],[0,0.5,1],[0,7.56,0,0,0,0,1,1,1,1]],[15,"ScrollView",false,2,[-79],[[5,1,0,-74,[52],53],[22,false,false,false,0.75,0.23,null,null,-76,-75],[19,40,66.85500000000002,13.145000000000021,198,-77],[13,1,2,true,-78,[5,99.99999999999996,35.12]]],[0,"11SdHE5GROg5Vaj5e2L5nR",2],[4,4280229663],[5,99.99999999999996,35.12],[26.854999999999997,-10.856,0,0,0,0,1,1,1,1]],[4,"Content",1,[5,-82],[[28,40,1.353999999999993,-1.3540000000000019,-80],[41,1,2,3,-81,[5,200,120]]],[0,"4f5eehhiJFgbb6eicGvZoE",1],[5,200,120],[1.3539999999999992,-10,0,0,0,0,1,1,1,1]],[16,"content",[-85,-86],[[13,1,2,true,-83,[5,80,15.12]],[20,40,3.552713678800501e-15,800,-84]],[0,"beD5AOjF9LlI91PATk3bjw",3],[5,80,15.12],[0,0.5,1],[0,7.56,0,0,0,0,1,1,1,1]],[16,"content",[-89,-90],[[20,40,3.552713678800501e-15,800,-87],[42,1,2,10,10,true,-88,[5,80,35.12]]],[0,"beD5AOjF9LlI91PATk3bjw",2],[5,80,35.12],[0,0.5,1],[0,17.56,0,0,0,0,1,1,1,1]],[34,"Bg",6,[-94],[[5,1,0,-91,[1],2],[43,1,1,3,2,true,-92,[5,110.9875,20]],[52,1.1,3,-93,[[1,"230cdKkfDlNgZJaTOGMUvHN","onResize",1]]]],[0,"cdL5on/0pOGYr0At910wPR",1],[4,4294930564],[5,110.9875,20],[0,0,0.5],[-95.879,0,0,0,0,0,1,1,1,0]],[17,"Linear",false,12,[[55,"Linear",24,24,false,1,2,-95,[19]],[8,1,3,-97,[[1,"22be8NshG9KAoy2KHCdPIEu","onWrapModeLinear",3]],-96]],[0,"15SZjPsPpEqoWH4Nxz0IC4",3],[5,140,24],[0,0,0.5],[-37.121,-6,0,0,0,0,1,0.5,0.5,0]],[2,"Nearest",12,[[3,"Nearest",48,48,false,1,-98,[20]],[8,1,3,-100,[[1,"22be8NshG9KAoy2KHCdPIEu","onWrapModeNearest",3]],-99]],[0,"75JzvX1aJDWZenCRyBLmBK",3],[5,168.07,60.48],[0,0,0.5],[-37.121,-7.56,0,0,0,0,1,0.25,0.25,0]],[17,"Clamp",false,9,[[3,"Clamp",48,48,false,1,-101,[34]],[8,1,3,-103,[[1,"0d4836Ek2pG17RIAQl+UNMU","onWrapModeClamp",4]],-102]],[0,"15SZjPsPpEqoWH4Nxz0IC4",4],[5,72.3,32.239999999999995],[0,0,0.5],[-37.121,-8.059999999999999,0,0,0,0,1,0.25,0.25,0]],[2,"Repeat",9,[[3,"Repeat",48,48,false,1,-104,[35]],[8,1,3,-106,[[1,"0d4836Ek2pG17RIAQl+UNMU","onWrapModeRepeat",4]],-105]],[0,"75JzvX1aJDWZenCRyBLmBK",4],[5,154.78,60.48],[0,0,0.5],[-37.121,-7.56,0,0,0,0,1,0.25,0.25,0]],[18,"DropDown",4,[-107,-108,-109],[0,"ff9qeWpsFAoLKnNZep+vsJ",4],[5,100,20],[27.489,7.917,0,0,0,0,1,1,1,1]],[17,"Unpack",false,13,[[3,"Unpack",48,48,false,1,-110,[49]],[8,1,3,-112,[[1,"8fa3cwryP1HCoEKelGc+L8h","onWrapModeUnpack",2]],-111]],[0,"15SZjPsPpEqoWH4Nxz0IC4",2],[5,140,24],[0,0,0.5],[-37.121,-6,0,0,0,0,1,0.25,0.25,0]],[2,"Pack",13,[[3,"Pack",48,48,false,1,-113,[50]],[8,1,3,-115,[[1,"8fa3cwryP1HCoEKelGc+L8h","onWrapModePack",2]],-114]],[0,"75JzvX1aJDWZenCRyBLmBK",2],[5,106.71,60.48],[0,0,0.5],[-37.121,-17.56,0,0,0,0,1,0.25,0.25,0]],[12,"Refs",false,11,[-117,-118],[[44,1,2,10,-116,[5,183.67000000000002,16]]],[0,"3duZJgUvhFEIQfP00nC7c3",1],[5,183.67000000000002,16],[-6.945,-9.5,0,0,0,0,1,1,1,1]],[12,"CreateButton",false,6,[-122],[[10,1.1,3,-120,[[1,"364663sG6BETY1ee5zOE4Rc","onCreateUniform",1]],[4,4293322470],[4,4291348680],[4,3363338360],-119,7,8,9,10],[29,36,2.1729999999999947,8,-121]],[0,"3aBw6xuldF5ISQ57ydf/iF",1],[5,14,14],[90.827,0,0,0,0,0,1,1,1,1]],[12,"RemoveButton",false,6,[-126],[[54,1.1,3,[null],-124,[4,4293322470],[4,4291348680],[4,3363338360],-123,13,14,15,16],[29,36,-7.479000000000006,5,-125]],[0,"4bjkT2mEhISZR8kH0mQ69D",1],[5,30,20],[92.47900000000001,0,0,0,0,0,1,1,1,1]],[4,"view",7,[12],[[31,0,-127,[21]],[27,1,2,-128,[5,80,15.12]]],[0,"1auYUenn5EbL6zsOyPaF3F",3],[5,80,15.12],[0,0.9999999999999991,0,0,0,0,1,1,1,1]],[18,"DropDown",3,[-129,-130,-131],[0,"ff9qeWpsFAoLKnNZep+vsJ",3],[5,100,20],[27.909,7.311,0,0,0,0,1,1,1,1]],[4,"DropButton",26,[-134],[[10,1.1,3,-133,[[1,"22be8NshG9KAoy2KHCdPIEu","onDrop",3]],[4,4293322470],[4,4291348680],[4,3363338360],-132,29,30,31,32]],[0,"38eGtp0S5KobXdE/Pnw2Tx",3],[5,25,25],[31.861,0.174,0,0,0,0,1,1,1,1]],[24,"Background",512,27,[[7,0,-135,[27],28],[14,0,45,5,5,5,5,100,40,-136]],[0,"41mSn+9sdHvIOLoAUv6cAh",3],[5,15,15],[0,0,0,0,0,0,1,1,1,0]],[4,"view",8,[9],[[60,2,0,-137,[36]],[27,1,2,-138,[5,80,15.12]]],[0,"1auYUenn5EbL6zsOyPaF3F",4],[5,80,15.12],[0,0.4999999999999991,0,0,0,0,1,1,1,1]],[25,"Background",512,[[7,0,-139,[42],43],[14,0,45,5,5,5,5,100,40,-140]],[0,"41mSn+9sdHvIOLoAUv6cAh",4],[5,15,15],[0,0,0,0,0,0,1,1,1,0]],[35,"view",10,[13],[[31,0,-141,[51]],[13,1,2,true,-142,[5,80,35.12]]],[0,"1auYUenn5EbL6zsOyPaF3F",2],[5,80,35.12]],[18,"DropDown",2,[-143,-144,-145],[0,"ff9qeWpsFAoLKnNZep+vsJ",2],[5,100,20],[27.038,8.368,0,0,0,0,1,1,1,1]],[4,"DropButton",32,[-148],[[10,1.1,3,-147,[[1,"8fa3cwryP1HCoEKelGc+L8h","onDrop",2]],[4,4293322470],[4,4291348680],[4,3363338360],-146,59,60,61,62]],[0,"38eGtp0S5KobXdE/Pnw2Tx",2],[5,25,25],[31.861,0.174,0,0,0,0,1,1,1,1]],[24,"Background",512,33,[[7,0,-149,[57],58],[14,0,45,5,5,5,5,100,40,-150]],[0,"41mSn+9sdHvIOLoAUv6cAh",2],[5,15,15],[0,0,0,0,0,0,1,1,1,0]],[25,"Background",512,[[7,0,-151,[64],65],[14,0,45,7.5,7.5,7.5,7.5,100,40,-152]],[0,"3b4G9Ly0VBLoU0/vZoHffC",2],[5,10,10],[0,0,0,0,0,0,1,1,1,0]],[36,"preview",5,[[-153,[53,1.1,1,-155,[[1,"7ea5f5xmflM3oC1LguZPyRY","onPreview",1]],[4,4294311680],-154]],1,4],[0,"95BzMzJUJChbnI1HmaGvHc",1],[5,30,30],[-69.519,-53.57,0,0,0,0,1,1,1,0]],[37,"Title",14,[[-156,[61,2,-157,[4,4278190080]]],1,4],[0,"acHrDxZe9KcobkXuA53SZj",1],[5,423.95,64.47999999999999],[0,0,0.5],[3,-0.208,0,0,0,0,1,0.25,0.25,1]],[9,"icon",23,[[7,0,-158,[5],6]],[0,"bbVsB7xPdEIp+vnFnWppSq",1],[4,4285726569],[5,14,14],[0,-1.323,0,0,0,0,1,1,1,0]],[9,"icon",24,[[7,0,-159,[11],12]],[0,"22MkfUm+VPsbRUf2FxVCDV",1],[4,4283782655],[5,14,14],[0,-1.323,0,0,0,0,1,1,1,0]],[9,"Bg",26,[[5,1,0,-160,[24],25],[21,0,45,-7.105427357601002e-15,-5,-5,160,40,-161]],[0,"aeSwCQiIxLUIyBImZH686q",3],[4,4288646984],[5,100,30],[-7.105427357601002e-15,0,0,0,0,0,1,1,1,1]],[9,"Bg",19,[[5,1,0,-162,[39],40],[21,0,45,-7.105427357601002e-15,-5,-5,160,40,-163]],[0,"aeSwCQiIxLUIyBImZH686q",4],[4,4288646984],[5,100,30],[-7.105427357601002e-15,0,0,0,0,0,1,1,1,1]],[4,"DropButton",19,[30],[[10,1.1,3,-164,[[1,"0d4836Ek2pG17RIAQl+UNMU","onDrop",4]],[4,4293322470],[4,4291348680],[4,3363338360],30,44,45,46,47]],[0,"38eGtp0S5KobXdE/Pnw2Tx",4],[5,25,25],[31.861,0.174,0,0,0,0,1,1,1,1]],[9,"Bg",32,[[5,1,0,-165,[54],55],[21,0,45,-7.105427357601002e-15,-5,-5,160,40,-166]],[0,"aeSwCQiIxLUIyBImZH686q",2],[4,4288646984],[5,100,30],[-7.105427357601002e-15,0,0,0,0,0,1,1,1,1]],[12,"AtlasButton",false,2,[35],[[10,1.1,3,-167,[[1,"8fa3cwryP1HCoEKelGc+L8h","onAtlas",2]],[4,4293322470],[4,4291348680],[4,3363338360],35,66,67,68,69]],[0,"47SgkcwG5PqLBqw+HOofc6",2],[5,25,25],[85.384,7.729,0,0,0,0,1,1,1,1]],[56,"Speed111111111111",48,48,1,37,[0]],[6,"Type",6,[-168],[0,"aeEX+Qu7JJuIifvb8e5zAw",1],[5,146.74,60.48],[0,1,0.5],[93.097,0,0,0,0,0,1,0.25,0.25,1]],[30,"texture",48,48,2,1,2,46,[3]],[6,"Refs",6,[-169],[0,"23xvfkGgBPaYd9yRTy9PTq",1],[5,58.66,60.48],[0,1,0.5],[40.451,0,0,0,0,0,1,0.25,0.25,1]],[30,"(1)",48,48,2,1,2,48,[4]],[2,"File",5,[[57,"File:",false,2,1,-170,[17]]],[0,"basLYUl3VGZLww+r3MfCC3",1],[5,75.57,50.4],[0,1,0.5],[-28.312,-57.871,0,0,0,0,1,0.25,0.25,1]],[6,"FileName",5,[-171],[0,"88edH1EVxDHbTpszpTzmC8",1],[5,500,50.4],[0,0,0.5],[-22.641,-57.871,0,0,0,0,1,0.25,0.25,1]],[58,"subtexture.png",false,1,2,51,[18]],[6,"Value",26,[-172],[0,"d08/xNckhMBrxkWb/rAWef",3],[5,133.43,60.48],[0,0,1],[-36.642,8.082,0,0,0,0,1,0.25,0.25,1]],[3,"Linear",48,48,false,1,53,[26]],[2,"Value",3,[[23,"Filter Mode:",48,48,false,1,1,-173,[33]]],[0,"1f0BE/gzRACb1hTu4RqaSp",3],[5,271.99,60.48],[0,0,1],[-87.627,15.335,0,0,0,0,1,0.25,0.25,1]],[2,"Value",19,[[3,"Clamp",48,48,false,1,-174,[41]]],[0,"d08/xNckhMBrxkWb/rAWef",4],[5,138.7,60.48],[0,0,1],[-36.642,7.516000000000002,0,0,0,0,1,0.25,0.25,1]],[6,"Value",4,[-175],[0,"1f0BE/gzRACb1hTu4RqaSp",4],[5,273.77,60.48],[0,0,1],[-87.627,17.249,0,0,0,0,1,0.25,0.25,1]],[23,"Wrap Mode:",48,48,false,1,1,57,[48]],[2,"Value",32,[[3,"Unpack",48,48,false,1,-176,[56]]],[0,"d08/xNckhMBrxkWb/rAWef",2],[5,162.75,60.48],[0,0,1],[-36.642,7.516000000759959,0,0,0,0,1,0.25,0.25,1]],[6,"Value",2,[-177],[0,"1f0BE/gzRACb1hTu4RqaSp",2],[5,266.74,60.48],[0,0,1],[-85.648,17.246,0,0,0,0,1,0.25,0.25,1]],[23,"Pack Mode:",48,48,false,1,1,60,[63]],[51,0,36,[70]],[2,"name",22,[[59,"Refs",12,12,false,2,1,-178,[71],72]],[0,"d8mp1YiQdG5qMd32AN4PRI",1],[5,27.33,12],[0,1,0.5],[-48.063,2,0,0,0,0,1,1,1,1]],[2,"content",22,[[45,1,3,5,-10,4,4,-179,[5,130,4]]],[0,"a1FjR4cSRMYaBnFpIn/SL5",1],[5,130,4],[0,0.5,1],[26.835,-4,0,0,0,0,1,1,1,1]]],0,[0,8,1,0,0,1,0,14,62,0,15,52,0,16,2,0,17,3,0,18,4,0,19,11,0,20,22,0,21,49,0,22,47,0,23,45,0,0,1,0,-1,6,0,-2,11,0,8,2,0,24,21,0,25,20,0,9,61,0,10,10,0,11,33,0,0,2,0,-1,10,0,-2,32,0,-3,60,0,-4,44,0,8,3,0,26,15,0,27,16,0,9,54,0,10,7,0,11,27,0,0,3,0,-1,7,0,-2,26,0,-3,55,0,8,4,0,28,17,0,29,18,0,9,58,0,10,8,0,11,19,0,0,4,0,-1,8,0,-2,19,0,-3,57,0,0,5,0,-1,50,0,-2,51,0,-6,36,0,0,6,0,-1,14,0,-2,46,0,-3,48,0,-4,23,0,-5,24,0,0,7,0,12,12,0,0,7,0,0,7,0,0,7,0,-1,25,0,0,8,0,12,9,0,0,8,0,0,8,0,0,8,0,-1,29,0,0,9,0,0,9,0,0,9,0,-1,17,0,-2,18,0,0,10,0,12,13,0,0,10,0,0,10,0,0,10,0,-1,31,0,0,11,0,0,11,0,-2,22,0,0,12,0,0,12,0,-1,15,0,-2,16,0,0,13,0,0,13,0,-1,20,0,-2,21,0,0,14,0,0,14,0,0,14,0,-1,37,0,0,15,0,2,15,0,0,15,0,0,16,0,2,16,0,0,16,0,0,17,0,2,17,0,0,17,0,0,18,0,2,18,0,0,18,0,-1,41,0,-2,56,0,-3,42,0,0,20,0,2,20,0,0,20,0,0,21,0,2,21,0,0,21,0,0,22,0,-1,63,0,-2,64,0,2,38,0,0,23,0,0,23,0,-1,38,0,2,39,0,0,24,0,0,24,0,-1,39,0,0,25,0,0,25,0,-1,40,0,-2,53,0,-3,27,0,2,28,0,0,27,0,-1,28,0,0,28,0,0,28,0,0,29,0,0,29,0,0,30,0,0,30,0,0,31,0,0,31,0,-1,43,0,-2,59,0,-3,33,0,2,34,0,0,33,0,-1,34,0,0,34,0,0,34,0,0,35,0,0,35,0,-1,62,0,2,36,0,0,36,0,-1,45,0,0,37,0,0,38,0,0,39,0,0,40,0,0,40,0,0,41,0,0,41,0,0,42,0,0,43,0,0,43,0,0,44,0,-1,47,0,-1,49,0,0,50,0,-1,52,0,-1,54,0,0,55,0,0,56,0,-1,58,0,0,59,0,-1,61,0,0,63,0,0,64,0,30,1,2,3,5,3,3,5,4,3,5,5,3,11,9,3,29,12,3,25,13,3,31,30,3,42,35,3,44,179],[0,0,0,0,0,0,0,0,0,0,0,0,0,0,0,0,0,0,0,0,0,0,0,0,0,0,0,0,0,0,0,0,0,0,0,0,0,0,0,0,0,0,0,0,0,0,0,0,0,0,0,0,0,0,0,0,0,0,0,0,0,0,0,0,0,0,0,0,0,0,0,0,0,0,0,62],[-1,-1,1,-1,-1,-1,1,4,5,6,7,-1,1,4,5,6,7,-1,-1,-1,-1,-1,-1,1,-1,1,-1,-1,1,4,5,6,7,-1,-1,-1,-1,-1,1,-1,1,-1,-1,1,4,5,6,7,-1,-1,-1,-1,-1,1,-1,1,-1,-1,1,4,5,6,7,-1,-1,1,4,5,6,7,-1,-1,31,32,33,1],[0,0,7,0,0,0,8,1,3,1,4,0,9,1,3,1,4,0,0,0,0,0,0,5,0,5,0,0,2,2,3,1,4,0,0,0,0,0,5,0,5,0,0,2,2,3,1,4,0,0,0,0,0,5,0,5,0,0,2,2,3,1,4,0,0,10,2,3,1,4,0,0,11,12,13,14]]]]