[1,0,0,[["cc.JsonAsset",["_name","json"],1]],[[0,0,1,3]],[[0,"AddSample",{"name":"AddSample","panels":[{"name":"Output","x":"343.000","y":"41.000","id":1,"inputSlot":[],"outputSlot":[],"uniforms":{}},{"name":"MainTexture","x":"-590.000","y":"-306.000","id":2,"inputSlot":[],"outputSlot":[],"uniforms":{"texture":{"filterMode":"Linear","wrapMode":"Clamp","packMode":"Unpack"}}},{"name":"UV0","x":"-426.000","y":"161.000","id":25,"inputSlot":[],"outputSlot":[{"index":1,"connections":[[38,0]]}],"uniforms":{}},{"name":"Float","x":"-427.000","y":"-39.000","id":26,"inputSlot":[],"outputSlot":[{"index":0,"connections":[[38,1]]}],"uniforms":{"u_float_26":"0.200"}},{"name":"DebugPlot","x":"52.000","y":"147.000","id":37,"inputSlot":[],"outputSlot":[{"index":0,"connections":[[1,0]]}],"uniforms":{"u_lineWidth_37":"0.02","u_lineColor_37":"00ff00ff"}},{"name":"Add1","x":"-216.000","y":"100.000","id":38,"inputSlot":[],"outputSlot":[{"index":0,"connections":[[37,0]]}],"uniforms":{}}],"groups":{}}]],0,0,[],[],[]]