[1,0,0,[["cc.JsonAsset",["_name","json"],1]],[[0,0,1,3]],[[0,"Arccosine4",{"name":"Arccosine4","name_zh":"反余弦","version":"1.0","description":{"en":"Returns the arccosine of input value.","zh":"对输入值取反余弦操作。"},"tags":["Core","Math","Trigonometric"],"input":[{"type":"vec4","name":"Input","info":{"en":"Input value","zh":"输入值"}}],"output":[{"type":"vec4","name":"Output"}],"uniforms":{},"frags":{},"main":["vec4 main(vec4 Input) {","    return acos(Input);","}"]}]],0,0,[],[],[]]