[1,0,0,[["cc.JsonAsset",["_name","json"],1]],[[0,0,1,3]],[[0,"Sub3",{"name":"Sub3","name_zh":"相减","version":"1.0","description":{"en":"Returns the subtraction of the two input values.","zh":"对两个输入值进行相减的操作。"},"tags":["Core","Math"],"input":[{"type":"vec3","name":"InputA","info":{"en":"First input value","zh":"第一个输入值"}},{"type":"vec3","name":"InputB","info":{"en":"Second input value","zh":"第二个输入值"}}],"output":[{"type":"vec3","name":"Output"}],"uniforms":{},"frags":{},"main":["vec3 main(vec3 InputA, vec3 InputB) {","    return (InputA - InputB);","}"]}]],0,0,[],[],[]]